ym,ccode,gen_share,load_share
2017-12-01,AT,0.0941,0.078375
2017-12-01,BE,0.0242,0.02669999999999999
2017-12-01,BG,0.008400000000000001,0.00945
2017-12-01,CZ,0.0134,0.0138
2017-12-01,DE,0.067425,0.08545
2017-12-01,DK,0.0837,0.0918
2017-12-01,EE,0.0169,0.018749999999999996
2017-12-01,ES,0.0559,0.06620000000000001
2017-12-01,FI,0.04135,0.032600000000000004
2017-12-01,FR,0.0315,0.0318
2017-12-01,GR,0.004,0.0028
2017-12-01,HR,NA,NA
2017-12-01,HU,0.007225,0.00575
2017-12-01,IT,0.0296,0.02
2017-12-01,LT,0.08610000000000001,NA
2017-12-01,LU,0.0933,0.029875
2017-12-01,LV,0.08565,0.08315
2017-12-01,NL,0.0154,0.0134
2017-12-01,NO,0.0972,0.0808
2017-12-01,PL,0.0304,0.02789999999999999
2017-12-01,RO,0.0334,0.03415
2017-12-01,SE,0.0427,0.04629999999999999
2017-12-01,SI,0.0177,0.0184
2017-12-01,SK,0.0176,0.02039999999999999
2018-01-01,AT,0.06884986559139784,0.06479260752688172
2018-01-01,BE,0.016508467741935484,0.015015860215053762
2018-01-01,BG,0.009750940860215053,0.010318951612903225
2018-01-01,CZ,0.010667069892473117,0.011746505376344085
2018-01-01,DE,0.040744354838709675,0.04557325268817204
2018-01-01,DK,0.059934946236559136,0.06394825268817204
2018-01-01,EE,0.013558064516129032,0.015817204301075267
2018-01-01,ES,0.04037150537634408,0.039161424731182795
2018-01-01,FI,0.03948454301075269,0.03035040322580645
2018-01-01,FR,0.019466532258064516,0.022713978494623654
2018-01-01,GR,0.017379435483870966,0.013249731182795698
2018-01-01,HR,NA,NA
2018-01-01,HU,0.005964280913978493,0.004165658602150537
2018-01-01,IE,NA,NA
2018-01-01,IT,0.02844825268817204,0.023668548387096772
2018-01-01,LT,NA,NA
2018-01-01,LU,0.06669922715053764,0.02299842069892473
2018-01-01,LV,0.06557043010752688,0.08559516129032257
2018-01-01,NL,0.007752284946236559,0.006523387096774193
2018-01-01,NO,0.0979353494623656,0.10479650537634409
2018-01-01,PL,0.014880645161290321,0.013451612903225805
2018-01-01,PT,0.04197647849462365,0.04393239247311828
2018-01-01,RO,NA,NA
2018-01-01,SE,0.05303709677419355,0.05801586021505376
2018-01-01,SI,0.030181586021505374,0.03177876344086021
2018-01-01,SK,NA,NA
2018-02-01,AT,0.05912905505952381,0.04983541666666667
2018-02-01,BE,0.01611458333333333,0.015186755952380952
2018-02-01,BG,0.01405267857142857,0.015574107142857141
2018-02-01,CZ,0.010687797619047618,0.01177127976190476
2018-02-01,DE,0.030857886904761902,0.03494479166666666
2018-02-01,DK,0.05366116071428571,0.06175014880952381
2018-02-01,EE,NA,NA
2018-02-01,ES,0.04039196428571428,0.03937380952380952
2018-02-01,FI,0.037969642857142855,0.029794196428571427
2018-02-01,FR,0.01866770833333333,0.01993779761904762
2018-02-01,GR,0.018495089285714285,0.013927083333333333
2018-02-01,HR,NA,NA
2018-02-01,HU,0.005977492559523808,0.003973697916666666
2018-02-01,IE,0.03997425595238095,0.039566369047619045
2018-02-01,IT,0.02755297619047619,0.02277752976190476
2018-02-01,LT,0.06379464285714286,0.014808035714285713
2018-02-01,LU,0.06376688988095237,0.015693861607142857
2018-02-01,LV,0.04183616071428571,0.045584821428571426
2018-02-01,NL,0.005436160714285714,0.004999404761904761
2018-02-01,NO,NA,0.10788616071428571
2018-02-01,PL,0.007276785714285713,0.006492410714285714
2018-02-01,PT,0.044313988095238094,0.046510416666666665
2018-02-01,RO,NA,NA
2018-02-01,SE,0.05309568452380952,0.05710386904761905
2018-02-01,SI,0.022163541666666665,0.02177723214285714
2018-02-01,SK,NA,NA
2018-03-01,AT,0.06594653897849462,0.0502487567204301
2018-03-01,BE,0.015346639784946235,0.014099865591397849
2018-03-01,BG,0.01919032258064516,0.02254059139784946
2018-03-01,CZ,0.00986760752688172,0.012123252688172041
2018-03-01,DE,0.036398353494623656,0.04066243279569892
2018-03-01,DK,0.05247043010752688,0.06318010752688172
2018-03-01,EE,NA,NA
2018-03-01,ES,0.05889247311827957,0.06224193548387097
2018-03-01,FI,0.035004301075268814,0.02847997311827957
2018-03-01,FR,0.020015994623655914,0.021701612903225805
2018-03-01,GR,NA,NA
2018-03-01,HR,NA,NA
2018-03-01,HU,0.006601377688172042,0.003853360215053763
2018-03-01,IE,0.034041801075268815,0.03219408602150538
2018-03-01,IT,0.034140053763440856,0.02850336021505376
2018-03-01,LT,NA,NA
2018-03-01,LU,0.06605665322580645,0.016734610215053763
2018-03-01,LV,NA,NA
2018-03-01,NL,0.0060157258064516125,0.005182930107526881
2018-03-01,NO,0.09770887096774193,0.09661559139784946
2018-03-01,PL,0.010004435483870967,0.009007123655913978
2018-03-01,PT,0.07355819892473119,0.09165201612903226
2018-03-01,RO,NA,NA
2018-03-01,SE,0.05095268817204301,NA
2018-03-01,SI,0.029181854838709675,0.03189220430107527
2018-03-01,SK,NA,NA
2018-04-01,AT,NA,0.09551236111111111
2018-04-01,BE,0.019685555555555553,0.016188472222222222
2018-04-01,BG,0.027240416666666666,0.032709444444444444
2018-04-01,CZ,0.014565972222222221,0.017586527777777777
2018-04-01,DE,0.04376659722222222,0.04782017361111111
2018-04-01,DK,0.06034069444444445,0.06351916666666667
2018-04-01,EE,NA,NA
2018-04-01,ES,0.055085694444444444,0.0540825
2018-04-01,FI,0.03938611111111111,0.02905597222222222
2018-04-01,FR,0.023116944444444443,0.027319166666666665
2018-04-01,GR,0.029270555555555553,0.01832013888888889
2018-04-01,HR,NA,NA
2018-04-01,HU,0.007553402777777777,0.005074027777777777
2018-04-01,IE,NA,NA
2018-04-01,IT,0.04318361111111111,0.03712527777777778
2018-04-01,LT,NA,NA
2018-04-01,LU,0.07169861111111112,0.021012291666666665
2018-04-01,LV,0.08100666666666667,0.11775125
2018-04-01,NL,0.006602916666666666,0.004977638888888888
2018-04-01,NO,0.09638402777777778,0.09018194444444444
2018-04-01,PL,0.014161805555555554,0.01257861111111111
2018-04-01,PT,0.07361305555555556,0.08053375
2018-04-01,RO,NA,NA
2018-04-01,SE,0.04971902777777778,0.05594458333333333
2018-04-01,SI,0.06490569444444444,0.05924472222222222
2018-04-01,SK,0.021723055555555554,0.021439305555555555
2018-05-01,AT,NA,0.09926596102150538
2018-05-01,BE,0.020576075268817204,0.016283198924731183
2018-05-01,BG,0.026227016129032256,0.02961008064516129
2018-05-01,CZ,0.01379032258064516,0.01753010752688172
2018-05-01,DE,0.04517560483870968,0.04765255376344086
2018-05-01,DK,0.06618118279569893,0.043050940860215055
2018-05-01,EE,0.013586827956989246,0.014258064516129031
2018-05-01,ES,0.04466115591397849,0.042112231182795695
2018-05-01,FI,0.051101747311827955,0.03851397849462365
2018-05-01,FR,0.023765725806451612,0.0298005376344086
2018-05-01,GR,0.023436021505376343,0.01748817204301075
2018-05-01,HR,NA,NA
2018-05-01,HU,0.007175235215053762,0.004031182795698924
2018-05-01,IE,0.024617943548387096,0.02362768817204301
2018-05-01,IT,0.046209005376344085,0.040474865591397846
2018-05-01,LT,0.06240174731182796,0.016346908602150538
2018-05-01,LU,0.07328101478494624,0.017620665322580643
2018-05-01,LV,NA,NA
2018-05-01,NL,0.006333870967741935,0.004116263440860215
2018-05-01,NO,0.09526021505376345,0.09977782258064516
2018-05-01,PL,0.009853494623655912,0.00851263440860215
2018-05-01,PT,0.0489880376344086,0.04824233870967742
2018-05-01,RO,0.05246048387096774,0.05260685483870968
2018-05-01,SE,0.0578505376344086,0.07297043010752688
2018-05-01,SI,0.04946935483870968,0.05639408602150538
2018-05-01,SK,NA,NA
2018-06-01,AT,NA,0.09151958333333333
2018-06-01,BE,0.021350694444444443,0.016802638888888888
2018-06-01,BG,0.016730138888888888,0.02156986111111111
2018-06-01,CZ,0.013327083333333333,0.0162825
2018-06-01,DE,0.03922798611111111,0.04116524305555556
2018-06-01,DK,0.06958638888888889,0.0454125
2018-06-01,EE,NA,NA
2018-06-01,ES,0.04289819444444444,0.03928972222222222
2018-06-01,FI,NA,NA
2018-06-01,FR,0.024310416666666664,0.03033097222222222
2018-06-01,GR,0.019186944444444444,0.014713333333333332
2018-06-01,HR,NA,NA
2018-06-01,HU,0.008040763888888887,0.004398506944444444
2018-06-01,IE,0.016505902777777776,0.01556986111111111
2018-06-01,IT,0.04582166666666666,0.03999611111111111
2018-06-01,LT,0.07406861111111111,0.015121944444444443
2018-06-01,LU,0.07260840277777778,0.01561267361111111
2018-06-01,LV,0.04441111111111111,0.02258444444444444
2018-06-01,NL,0.005684444444444444,0.0040551388888888885
2018-06-01,NO,0.09561805555555555,0.10431166666666666
2018-06-01,PL,0.008641666666666666,0.0076169444444444435
2018-06-01,PT,0.04242611111111111,0.04705569444444444
2018-06-01,RO,0.04194861111111111,0.04246736111111111
2018-06-01,SE,0.04698541666666666,0.05635875
2018-06-01,SI,0.04224208333333333,0.04365083333333333
2018-06-01,SK,NA,NA
2018-07-01,AT,0.08718719758064516,0.07376626344086021
2018-07-01,BE,0.01950739247311828,0.01628024193548387
2018-07-01,BG,0.020055779569892473,0.026164784946236558
2018-07-01,CZ,0.013785752688172042,0.01718481182795699
2018-07-01,DE,0.03499136424731183,0.038851948924731185
2018-07-01,DK,0.05670887096774194,0.03754771505376344
2018-07-01,EE,NA,NA
2018-07-01,ES,0.03728736559139785,0.03432217741935484
2018-07-01,FI,0.03359126344086021,0.024017338709677417
2018-07-01,FR,0.018750940860215053,0.022223655913978492
2018-07-01,GR,0.015433467741935483,0.011161693548387096
2018-07-01,HR,NA,NA
2018-07-01,HU,0.0056858870967741925,0.004220362903225806
2018-07-01,IE,0.016120228494623655,NA
2018-07-01,IT,0.036902419354838706,0.03135174731182796
2018-07-01,LT,0.07684569892473118,0.013999462365591396
2018-07-01,LU,0.07152735215053764,0.01385198252688172
2018-07-01,LV,0.030687231182795698,0.020648924731182794
2018-07-01,NL,0.003675672043010752,0.0029256720430107523
2018-07-01,NO,0.09533185483870968,0.10541747311827956
2018-07-01,PL,0.007318010752688171,0.006707123655913977
2018-07-01,PT,0.034534677419354835,0.03963077956989247
2018-07-01,RO,NA,NA
2018-07-01,SE,0.0392635752688172,0.04261088709677419
2018-07-01,SI,0.026808602150537632,0.02859529569892473
2018-07-01,SK,NA,NA
2018-08-01,AT,0.08470665322580645,0.06031918682795699
2018-08-01,BE,0.019809811827956988,0.016100806451612902
2018-08-01,BG,0.017946370967741935,0.024083736559139785
2018-08-01,CZ,0.013258602150537634,0.01616545698924731
2018-08-01,DE,0.035883770161290324,0.04043706317204301
2018-08-01,DK,0.07207983870967742,0.051148252688172045
2018-08-01,EE,NA,NA
2018-08-01,ES,0.034134139784946234,0.03239758064516129
2018-08-01,FI,0.03746061827956989,0.025056989247311826
2018-08-01,FR,0.017411290322580646,0.019956854838709678
2018-08-01,GR,0.02354206989247312,0.019246236559139783
2018-08-01,HR,NA,NA
2018-08-01,HU,0.005413844086021504,0.0034892473118279567
2018-08-01,IE,0.026186962365591395,0.025878763440860215
2018-08-01,IT,0.0339,0.030489650537634406
2018-08-01,LT,0.06364274193548387,NA
2018-08-01,LU,0.07169452284946237,0.01575981182795699
2018-08-01,LV,NA,NA
2018-08-01,NL,0.00517513440860215,0.004242876344086021
2018-08-01,NO,0.09687822580645161,0.11319287634408602
2018-08-01,PL,0.007626075268817203,0.006975806451612903
2018-08-01,PT,0.034791666666666665,0.038023790322580645
2018-08-01,RO,NA,NA
2018-08-01,SE,0.04959274193548387,0.05196989247311828
2018-08-01,SI,0.022397177419354836,0.02514784946236559
2018-08-01,SK,NA,NA
2018-09-01,AT,0.07891114583333333,0.061988229166666665
2018-09-01,BE,0.02144236111111111,0.015440416666666665
2018-09-01,BG,0.016091388888888888,0.0207125
2018-09-01,CZ,0.011748888888888889,NA
2018-09-01,DE,0.03858479166666667,0.04265135416666666
2018-09-01,DK,0.07627777777777778,0.06987694444444445
2018-09-01,EE,NA,NA
2018-09-01,ES,0.0299375,0.02848236111111111
2018-09-01,FI,0.04015111111111111,0.0282175
2018-09-01,FR,0.01491236111111111,0.01762236111111111
2018-09-01,GR,NA,0.01809611111111111
2018-09-01,HR,NA,NA
2018-09-01,HU,0.0055512152777777764,0.0040127777777777774
2018-09-01,IE,0.031304791666666665,0.030622569444444442
2018-09-01,IT,0.02952361111111111,0.026040972222222222
2018-09-01,LT,0.06497902777777778,NA
2018-09-01,LU,0.07036885416666666,NA
2018-09-01,LV,NA,NA
2018-09-01,NL,0.007191388888888888,0.00590361111111111
2018-09-01,NO,0.09726847222222222,0.11235694444444444
2018-09-01,PL,0.01012861111111111,0.009174999999999999
2018-09-01,PT,0.029669166666666667,0.03101388888888889
2018-09-01,RO,NA,NA
2018-09-01,SE,0.05583069444444444,0.05892375
2018-09-01,SI,0.02620486111111111,0.029699999999999997
2018-09-01,SK,NA,NA
2018-10-01,AT,0.06949203629032258,0.05355816532258064
2018-10-01,BE,0.01915524193548387,0.014915456989247311
2018-10-01,BG,0.013916801075268817,NA
2018-10-01,CZ,NA,NA
2018-10-01,DE,0.039054469086021504,0.04361327284946236
2018-10-01,DK,0.07132728494623655,0.0709018817204301
2018-10-01,EE,NA,NA
2018-10-01,ES,0.03474502688172043,0.03586290322580645
2018-10-01,FI,0.040979166666666664,0.029234543010752685
2018-10-01,FR,0.014088306451612902,0.01606075268817204
2018-10-01,GR,0.020161424731182796,0.017446908602150535
2018-10-01,HR,NA,NA
2018-10-01,HU,0.007343716397849461,0.005108568548387096
2018-10-01,IE,NA,NA
2018-10-01,IT,0.028586155913978492,0.024409274193548384
2018-10-01,LT,NA,NA
2018-10-01,LU,0.06425655241935484,NA
2018-10-01,LV,NA,NA
2018-10-01,NL,0.008352284946236558,0.007410483870967741
2018-10-01,NO,NA,NA
2018-10-01,PL,0.012845564516129032,NA
2018-10-01,PT,0.04274717741935484,0.04328064516129032
2018-10-01,RO,NA,NA
2018-10-01,SE,0.04683454301075269,0.051248790322580645
2018-10-01,SI,NA,NA
2018-10-01,SK,NA,NA
2018-11-01,AT,0.05962166666666666,0.04821607638888889
2018-11-01,BE,0.018907499999999997,0.01544986111111111
2018-11-01,BG,0.010812222222222221,0.013602777777777776
2018-11-01,CZ,0.00837597222222222,0.010623194444444444
2018-11-01,DE,0.03403590277777778,0.03818236111111111
2018-11-01,DK,0.06313694444444444,0.05753
2018-11-01,EE,NA,NA
2018-11-01,ES,NA,NA
2018-11-01,FI,0.03821097222222222,NA
2018-11-01,FR,0.015050277777777777,0.01602361111111111
2018-11-01,GR,0.02119125,0.017726527777777775
2018-11-01,HR,NA,NA
2018-11-01,HU,0.006816458333333332,0.0046246874999999995
2018-11-01,IE,0.04884513888888889,NA
2018-11-01,IT,0.032153888888888885,0.028891388888888887
2018-11-01,LT,NA,NA
2018-11-01,LU,0.06415621527777778,NA
2018-11-01,LV,0.0277175,0.02141861111111111
2018-11-01,NL,0.008939305555555555,0.007738333333333332
2018-11-01,NO,0.09748013888888889,0.10916402777777778
2018-11-01,PL,0.009716388888888889,0.008855416666666666
2018-11-01,PT,0.04658833333333333,0.05166305555555555
2018-11-01,RO,NA,NA
2018-11-01,SE,0.05176486111111111,0.05675736111111111
2018-11-01,SI,0.032486666666666664,0.04185069444444444
2018-11-01,SK,0.01322375,0.011504583333333332
2018-12-01,AT,0.06001498655913978,0.05583346774193548
2018-12-01,BE,0.020286290322580645,0.01568978494623656
2018-12-01,BG,0.011686021505376343,0.013536021505376344
2018-12-01,CZ,0.008004973118279569,0.010279704301075268
2018-12-01,DE,0.04222066532258065,0.04863649193548387
2018-12-01,DK,0.060908467741935486,0.06836505376344086
2018-12-01,EE,NA,NA
2018-12-01,ES,0.03830094086021505,0.03733709677419355
2018-12-01,FI,0.03335967741935484,0.02477970430107527
2018-12-01,FR,0.01657204301075269,0.018824462365591398
2018-12-01,GR,0.015463037634408601,0.012698387096774193
2018-12-01,HR,NA,NA
2018-12-01,HU,0.006532056451612902,0.0047144825268817196
2018-12-01,IE,0.050966397849462365,NA
2018-12-01,IT,NA,NA
2018-12-01,LT,NA,NA
2018-12-01,LU,0.06476512096774194,NA
2018-12-01,LV,0.026678897849462365,0.020992204301075266
2018-12-01,NL,0.009584811827956988,0.008243548387096773
2018-12-01,NO,0.09694771505376344,0.09540389784946236
2018-12-01,PL,0.012760080645161289,0.012040725806451612
2018-12-01,PT,0.04881048387096774,0.0511002688172043
2018-12-01,RO,NA,NA
2018-12-01,SE,0.05052298387096774,0.05672782258064516
2018-12-01,SI,0.02213508064516129,0.020486290322580644
2018-12-01,SK,0.016647177419354838,0.015895564516129033
2019-01-01,AT,0.06176176075268817,0.05722385752688172
2019-01-01,BE,0.015489516129032257,0.014476209677419354
2019-01-01,BG,0.008503360215053763,0.009312634408602149
2019-01-01,CZ,0.00895268817204301,0.010792338709677418
2019-01-01,DE,0.039258870967741936,0.04656878360215053
2019-01-01,DK,0.060769354838709676,0.07030013440860215
2019-01-01,EE,0.013064919354838708,0.01486061827956989
2019-01-01,ES,0.03973010752688172,0.0403883064516129
2019-01-01,FI,0.03151733870967742,0.022575537634408602
2019-01-01,FR,0.014629838709677418,0.015114784946236559
2019-01-01,GR,0.017369354838709675,0.014648252688172042
2019-01-01,HR,0.053043817204301076,0.03684475806451613
2019-01-01,HU,0.006444690860215053,0.00488323252688172
2019-01-01,IE,NA,NA
2019-01-01,IT,0.02873467741935484,0.024914919354838708
2019-01-01,LT,0.07203897849462365,0.019522311827956988
2019-01-01,LU,0.06359603494623656,0.012959038978494623
2019-01-01,LV,0.025888844086021504,0.021414919354838708
2019-01-01,NL,0.008267204301075267,0.007857123655913978
2019-01-01,NO,0.09736236559139785,0.0975
2019-01-01,PL,0.013301075268817204,0.012459139784946236
2019-01-01,PT,0.04908064516129032,0.049444489247311825
2019-01-01,RO,0.03344650537634408,0.03219099462365591
2019-01-01,SE,0.051839919354838705,0.054449731182795696
2019-01-01,SI,NA,0.014679301075268816
2019-01-01,SK,0.018666397849462363,0.017459274193548386
2019-02-01,AT,0.06285896577380952,0.05534032738095238
2019-02-01,BE,0.01649642857142857,0.015307738095238095
2019-02-01,BG,0.013315625,0.01587752976190476
2019-02-01,CZ,0.009735565476190476,0.012145535714285713
2019-02-01,DE,0.03876395089285714,0.04417064732142857
2019-02-01,DK,0.06472485119047619,0.06839017857142857
2019-02-01,EE,0.024076488095238095,0.020898065476190476
2019-02-01,ES,0.03865997023809524,0.037978571428571424
2019-02-01,FI,0.03573377976190476,0.026436458333333333
2019-02-01,FR,0.01624985119047619,0.018470386904761903
2019-02-01,GR,0.02474642857142857,0.017998511904761903
2019-02-01,HR,0.06350491071428571,0.048019345238095236
2019-02-01,HU,0.008439843749999999,0.005109561011904761
2019-02-01,IE,NA,NA
2019-02-01,IT,0.03393467261904762,0.028636458333333333
2019-02-01,LT,0.07912083333333333,0.02523110119047619
2019-02-01,LU,0.06581990327380953,0.013659598214285713
2019-02-01,LV,0.0439702380952381,0.03357276785714285
2019-02-01,NL,0.007319047619047618,0.006874107142857142
2019-02-01,NO,NA,NA
2019-02-01,PL,0.015076785714285713,0.013561755952380952
2019-02-01,PT,0.050557142857142856,0.044066964285714286
2019-02-01,RO,NA,NA
2019-02-01,SE,0.05292366071428571,0.06006056547619047
2019-02-01,SI,0.02698095238095238,0.02875014880952381
2019-02-01,SK,0.02148392857142857,0.02066815476190476
2019-03-01,AT,0.07906885080645161,0.07504932795698925
2019-03-01,BE,0.019245026881720428,0.0191619623655914
2019-03-01,BG,0.012857526881720429,0.01572728494623656
2019-03-01,CZ,0.013339112903225805,NA
2019-03-01,DE,0.05044764784946237,0.057888373655913976
2019-03-01,DK,0.07220497311827957,0.08321478494623656
2019-03-01,EE,NA,NA
2019-03-01,ES,0.044364112903225804,0.04251680107526882
2019-03-01,FI,0.03814677419354839,0.027988575268817203
2019-03-01,FR,0.020676209677419354,0.02412258064516129
2019-03-01,GR,NA,NA
2019-03-01,HR,0.06412836021505376,0.03608158602150537
2019-03-01,HU,0.008387668010752686,0.0051198252688172035
2019-03-01,IE,0.04543198924731183,0.04103333333333333
2019-03-01,IT,0.03411021505376344,0.02920336021505376
2019-03-01,LT,0.07779368279569893,0.026511962365591397
2019-03-01,LU,0.07300870295698925,0.01734485887096774
2019-03-01,LV,0.06407983870967741,0.06869852150537634
2019-03-01,NL,0.009186693548387095,0.008033602150537634
2019-03-01,NO,0.09752540322580645,0.08441922043010752
2019-03-01,PL,0.01707016129032258,0.015100537634408601
2019-03-01,PT,0.057129838709677416,0.04843844086021505
2019-03-01,RO,0.041040860215053765,0.04157943548387097
2019-03-01,SE,0.05345604838709677,0.061431317204301075
2019-03-01,SI,0.024243279569892473,0.023004301075268817
2019-03-01,SK,0.02739784946236559,NA
2019-04-01,AT,0.08117163194444445,0.08933197916666667
2019-04-01,BE,0.015362638888888887,0.016009166666666665
2019-04-01,BG,0.012663888888888888,0.015319444444444443
2019-04-01,CZ,0.0141,0.017036666666666665
2019-04-01,DE,0.04573010416666667,0.05096517361111111
2019-04-01,DK,0.06892152777777778,0.057854722222222224
2019-04-01,EE,0.018208333333333333,0.01613083333333333
2019-04-01,ES,0.04263527777777778,0.041064166666666665
2019-04-01,FI,0.039536388888888885,0.029878194444444443
2019-04-01,FR,0.01860458333333333,0.021016944444444442
2019-04-01,GR,NA,NA
2019-04-01,HR,0.07132986111111111,0.0428375
2019-04-01,HU,0.007997430555555555,0.005481979166666665
2019-04-01,IE,0.04104840277777778,0.034282430555555556
2019-04-01,IT,0.035637916666666665,0.03258194444444444
2019-04-01,LT,0.07338930555555556,0.02262111111111111
2019-04-01,LU,0.06820940972222223,0.013277465277777777
2019-04-01,LV,0.06581833333333334,0.05679541666666667
2019-04-01,NL,0.008273472222222222,0.006420972222222221
2019-04-01,NO,0.09718805555555556,0.09142611111111111
2019-04-01,PL,0.012964722222222221,0.0113525
2019-04-01,PT,0.05435375,0.051874305555555555
2019-04-01,RO,0.045200555555555556,0.04620222222222222
2019-04-01,SE,0.052297083333333334,0.06189347222222222
2019-04-01,SI,0.032845,0.03544763888888889
2019-04-01,SK,0.026002499999999998,0.023938472222222222
2019-05-01,AT,0.090465625,0.09738736559139785
2019-05-01,BE,0.015232123655913978,0.01575510752688172
2019-05-01,BG,0.020031451612903223,0.02152043010752688
2019-05-01,CZ,0.012346908602150536,0.015229704301075267
2019-05-01,DE,0.04655198252688172,0.0481275873655914
2019-05-01,DK,0.07946720430107528,0.07059637096774193
2019-05-01,EE,0.023669623655913977,0.016903897849462366
2019-05-01,ES,0.0438513440860215,0.04335524193548387
2019-05-01,FI,0.050946774193548386,0.038013709677419356
2019-05-01,FR,0.020509139784946236,0.0250508064516129
2019-05-01,GR,NA,NA
2019-05-01,HR,0.07803763440860215,0.05789274193548387
2019-05-01,HU,0.007878763440860213,0.004690793010752687
2019-05-01,IE,0.02757016129032258,0.02361518817204301
2019-05-01,IT,0.042364516129032255,0.037139516129032255
2019-05-01,LT,0.06720860215053763,0.018599059139784945
2019-05-01,LU,0.06871962365591398,0.012643077956989246
2019-05-01,LV,0.052345698924731184,0.036271908602150536
2019-05-01,NL,NA,0.005680510752688171
2019-05-01,NO,0.09720013440860215,0.09453467741935484
2019-05-01,PL,0.010739516129032256,0.009390188172043009
2019-05-01,PT,0.05207325268817204,0.04662284946236559
2019-05-01,RO,0.060234543010752685,0.06380645161290323
2019-05-01,SE,0.05507715053763441,0.06604126344086021
2019-05-01,SI,NA,0.045992473118279566
2019-05-01,SK,0.028122177419354837,0.029213709677419354
2019-06-01,AT,NA,0.10413013888888889
2019-06-01,BE,0.019580694444444442,0.019886805555555553
2019-06-01,BG,0.022641944444444444,0.025073055555555553
2019-06-01,CZ,0.01488611111111111,0.01692611111111111
2019-06-01,DE,0.04944305555555555,0.04961482638888889
2019-06-01,DK,0.07900611111111111,0.049118055555555554
2019-06-01,EE,0.03338375,0.016891805555555556
2019-06-01,ES,0.034874027777777775,0.034325138888888884
2019-06-01,FI,0.04812138888888889,0.037379305555555555
2019-06-01,FR,0.022326666666666665,0.027355138888888887
2019-06-01,GR,0.02367638888888889,0.017123194444444444
2019-06-01,HR,0.07654333333333334,0.04563277777777778
2019-06-01,HU,0.0062689236111111105,0.003861493055555555
2019-06-01,IE,NA,NA
2019-06-01,IT,0.04324486111111111,0.03800069444444444
2019-06-01,LT,0.05923083333333333,0.015411388888888888
2019-06-01,LU,0.07083697916666666,0.011717777777777777
2019-06-01,LV,0.03140847222222222,0.020888749999999998
2019-06-01,NL,0.006782638888888888,0.0049211111111111105
2019-06-01,NO,0.09705013888888889,0.09913722222222222
2019-06-01,PL,0.009271527777777776,0.007957638888888887
2019-06-01,PT,0.03754722222222222,0.03446986111111111
2019-06-01,RO,0.05720972222222222,0.06276263888888889
2019-06-01,SE,0.050561388888888885,0.06973166666666666
2019-06-01,SI,NA,0.0488425
2019-06-01,SK,0.031006805555555555,0.029782916666666666
2019-07-01,AT,0.07947889784946237,0.07655383064516129
2019-07-01,BE,0.015844354838709676,0.01741451612903226
2019-07-01,BG,0.013038037634408601,0.01562258064516129
2019-07-01,CZ,0.014870698924731182,0.016014650537634408
2019-07-01,DE,0.043623891129032255,0.04342106854838709
2019-07-01,DK,0.07688198924731182,0.05224435483870968
2019-07-01,EE,0.030609274193548384,0.014758870967741934
2019-07-01,ES,0.031086290322580645,0.030589247311827956
2019-07-01,FI,0.0400635752688172,0.02934556451612903
2019-07-01,FR,0.018733602150537633,0.02190524193548387
2019-07-01,GR,0.021881720430107526,0.015963575268817202
2019-07-01,HR,0.06205201612903226,0.03038091397849462
2019-07-01,HU,0.005420026881720429,0.004046639784946236
2019-07-01,IE,0.02579670698924731,0.02148877688172043
2019-07-01,IT,0.0369247311827957,0.03260497311827957
2019-07-01,LT,0.057303360215053764,0.01652822580645161
2019-07-01,LU,0.0762607190860215,0.01297711693548387
2019-07-01,LV,NA,NA
2019-07-01,NL,0.005704973118279569,0.004947177419354838
2019-07-01,NO,0.09734663978494623,0.11015793010752688
2019-07-01,PL,0.010094489247311827,0.00864529569892473
2019-07-01,PT,0.034755779569892474,0.032606854838709676
2019-07-01,RO,0.03978817204301075,0.03852997311827957
2019-07-01,SE,0.052226478494623654,0.06777567204301076
2019-07-01,SI,NA,0.030331989247311827
2019-07-01,SK,0.021182258064516127,0.01959032258064516
2019-08-01,AT,0.07707755376344086,0.07208215725806452
2019-08-01,BE,0.01683844086021505,0.020629032258064516
2019-08-01,BG,0.01309260752688172,0.016086155913978495
2019-08-01,CZ,0.01261491935483871,0.015075403225806451
2019-08-01,DE,0.043119321236559136,0.04276834677419355
2019-08-01,DK,0.07204045698924731,0.04264247311827957
2019-08-01,EE,0.02727755376344086,0.016207123655913976
2019-08-01,ES,0.029336155913978493,0.029184677419354838
2019-08-01,FI,0.03965282258064516,0.025648521505376342
2019-08-01,FR,0.018383870967741935,0.021854166666666664
2019-08-01,GR,0.028898387096774194,0.021986155913978494
2019-08-01,HR,0.05540241935483871,0.02761263440860215
2019-08-01,HU,NA,NA
2019-08-01,IE,NA,NA
2019-08-01,IT,0.03596989247311828,0.03307217741935484
2019-08-01,LT,NA,NA
2019-08-01,LU,0.07440302419354838,0.012738911290322579
2019-08-01,LV,0.024194086021505374,0.020939784946236557
2019-08-01,NL,0.0068690860215053755,0.006031317204301075
2019-08-01,NO,0.09739852150537634,0.11113548387096774
2019-08-01,PL,0.00741034946236559,0.006414919354838709
2019-08-01,PT,0.044667204301075264,0.0383135752688172
2019-08-01,RO,0.03675940860215054,0.03343938172043011
2019-08-01,SE,0.0477252688172043,0.05339368279569892
2019-08-01,SI,0.02604301075268817,0.027263844086021505
2019-08-01,SK,0.01931317204301075,0.019131720430107527
2019-09-01,AT,0.07039267361111111,0.06274885416666666
2019-09-01,BE,0.01687472222222222,0.020576944444444443
2019-09-01,BG,0.01078986111111111,0.012872916666666666
2019-09-01,CZ,0.011137916666666666,0.014140416666666666
2019-09-01,DE,0.04490416666666667,0.04623774305555555
2019-09-01,DK,0.07915097222222223,0.06517305555555555
2019-09-01,EE,0.028301805555555556,0.020189027777777778
2019-09-01,ES,0.0335,0.034041388888888885
2019-09-01,FI,0.03866833333333333,0.025432777777777776
2019-09-01,FR,0.01716833333333333,0.019876249999999998
2019-09-01,GR,0.025153055555555554,0.019191944444444442
2019-09-01,HR,0.05406930555555555,0.027425277777777778
2019-09-01,HU,0.0061619791666666654,0.004540659722222222
2019-09-01,IE,NA,NA
2019-09-01,IT,0.03197611111111111,0.028579305555555556
2019-09-01,LT,0.058153055555555555,0.01890722222222222
2019-09-01,LU,0.07575013888888889,0.013577430555555554
2019-09-01,LV,0.021917083333333334,0.020896388888888888
2019-09-01,NL,0.007383611111111111,0.006685694444444444
2019-09-01,NO,0.09769638888888889,0.11248583333333333
2019-09-01,PL,0.01267361111111111,0.010964722222222221
2019-09-01,PT,0.048001388888888885,0.04199625
2019-09-01,RO,0.03444916666666666,0.030836666666666665
2019-09-01,SE,0.05536583333333333,0.06232097222222222
2019-09-01,SI,NA,0.0267475
2019-09-01,SK,0.016658888888888886,0.01517875
2019-10-01,AT,0.06077819220430108,0.05211854838709677
2019-10-01,BE,0.016817204301075268,0.01857056451612903
2019-10-01,BG,0.009166801075268816,0.010569086021505376
2019-10-01,CZ,0.009980376344086021,0.013161290322580644
2019-10-01,DE,0.04334700940860215,0.04735245295698925
2019-10-01,DK,0.07484166666666667,0.06205819892473118
2019-10-01,EE,NA,NA
2019-10-01,ES,0.032183198924731184,0.03194341397849462
2019-10-01,FI,0.032584677419354835,0.023367069892473117
2019-10-01,FR,0.018643951612903224,0.0211005376344086
2019-10-01,GR,0.022289112903225806,0.017341397849462363
2019-10-01,HR,0.04191975806451613,0.02670268817204301
2019-10-01,HU,0.009036323924731181,0.007632056451612902
2019-10-01,IE,NA,NA
2019-10-01,IT,0.028767069892473116,0.024754704301075268
2019-10-01,LT,0.061318817204301074,0.018039784946236558
2019-10-01,LU,0.07381834677419355,0.016072278225806452
2019-10-01,LV,NA,NA
2019-10-01,NL,0.007747446236559139,0.007525940860215053
2019-10-01,NO,NA,NA
2019-10-01,PL,0.011874327956989247,0.010215591397849461
2019-10-01,PT,0.045603629032258064,0.04186545698924731
2019-10-01,RO,0.02989287634408602,0.027462096774193548
2019-10-01,SE,0.0539875,NA
2019-10-01,SI,0.02939556451612903,0.020548655913978493
2019-10-01,SK,0.01729301075268817,NA
2019-11-01,AT,0.06476513888888889,0.06142538194444444
2019-11-01,BE,0.015763888888888886,0.01693597222222222
2019-11-01,BG,0.009704444444444443,0.01170097222222222
2019-11-01,CZ,NA,NA
2019-11-01,DE,0.03589673611111111,0.03917291666666667
2019-11-01,DK,0.06877347222222222,0.062351666666666666
2019-11-01,EE,0.026471666666666664,0.017826944444444444
2019-11-01,ES,0.05181222222222222,0.05423486111111111
2019-11-01,FI,0.034805694444444445,0.024672638888888886
2019-11-01,FR,0.02144347222222222,0.022631944444444444
2019-11-01,GR,0.024095694444444444,0.017492638888888887
2019-11-01,HR,0.06593236111111112,0.0694701388888889
2019-11-01,HU,0.008706006944444443,0.0064850694444444435
2019-11-01,IE,0.040971875,0.037253888888888885
2019-11-01,IT,0.0391325,0.034347916666666665
2019-11-01,LT,0.07200305555555556,0.019337638888888887
2019-11-01,LU,0.06981152777777777,0.015615555555555554
2019-11-01,LV,NA,NA
2019-11-01,NL,0.008228472222222222,0.008171944444444443
2019-11-01,NO,NA,0.0956276388888889
2019-11-01,PL,0.013264999999999999,0.011524444444444443
2019-11-01,PT,0.0614125,0.06721361111111111
2019-11-01,RO,0.03650069444444444,0.03606486111111111
2019-11-01,SE,0.05435597222222222,0.06224833333333333
2019-11-01,SI,0.03986791666666666,0.05282805555555555
2019-11-01,SK,0.019514305555555556,0.019645555555555555
2019-12-01,AT,0.06331260080645161,0.05484959677419355
2019-12-01,BE,0.019297043010752687,0.020468817204301073
2019-12-01,BG,0.010414112903225805,0.011633736559139784
2019-12-01,CZ,0.009054569892473118,0.011251881720430106
2019-12-01,DE,0.04736918682795699,0.052188911290322576
2019-12-01,DK,0.07235631720430108,0.08029892473118279
2019-12-01,EE,NA,NA
2019-12-01,ES,NA,NA
2019-12-01,FI,0.03888669354838709,0.02963024193548387
2019-12-01,FR,0.024501881720430108,0.0270872311827957
2019-12-01,GR,0.026791263440860212,0.01740537634408602
2019-12-01,HR,0.07335900537634409,0.0709018817204301
2019-12-01,HU,NA,NA
2019-12-01,IE,0.05192493279569892,0.04756767473118279
2019-12-01,IT,0.040374327956989246,0.035299462365591394
2019-12-01,LT,NA,NA
2019-12-01,LU,0.07104284274193548,0.019536861559139782
2019-12-01,LV,NA,NA
2019-12-01,NL,0.012577150537634408,0.011200403225806451
2019-12-01,NO,0.09762930107526882,0.08802258064516129
2019-12-01,PL,0.015764112903225807,0.014077150537634408
2019-12-01,PT,0.06656411290322581,0.08293481182795699
2019-12-01,RO,0.036531989247311825,0.036187096774193545
2019-12-01,SE,0.05542459677419355,0.06524529569892473
2019-12-01,SI,NA,0.043311290322580645
2019-12-01,SK,0.01832029569892473,0.018194623655913976
2020-01-01,AT,0.04975551075268817,0.04101858198924731
2020-01-01,BE,0.01976760752688172,0.020001209677419352
2020-01-01,BG,0.008926075268817203,0.009039112903225805
2020-01-01,CZ,0.00861021505376344,0.0099971774193548385
2020-01-01,DE,0.046044993279569894,0.05019885752688172
2020-01-01,DK,0.07658548387096774,0.08970389784946237
2020-01-01,EE,0.04552930107526881,0.02274475806451613
2020-01-01,ES,0.04435456989247312,0.0430008064516129
2020-01-01,FI,0.042138844086021504,0.0328130376344086
2020-01-01,FR,0.019175806451612903,0.021108467741935484
2020-01-01,GR,NA,0.01680524193548387
2020-01-01,HR,0.06389892473118279,0.0456380376344086
2020-01-01,HU,0.007049059139784946,0.00504388440860215
2020-01-01,IE,0.05285,0.046206586021505375
2020-01-01,IT,0.030911290322580644,0.027254704301075267
2020-01-01,LT,0.07330913978494624,0.025118145161290323
2020-01-01,LU,0.07122674731182796,0.01704260752688172
2020-01-01,LV,0.06716706989247312,0.06556424731182796
2020-01-01,NL,0.011268548387096773,0.011036827956989246
2020-01-01,NO,0.09769166666666666,0.0962630376344086
2020-01-01,PL,0.01648534946236559,0.014764919354838708
2020-01-01,PT,0.06195147849462365,0.06974999999999999
2020-01-01,RO,0.03368239247311828,0.03308508064516129
2020-01-01,SE,0.05846465053763441,0.07153575268817204
2020-01-01,SI,0.02589018817204301,0.024286827956989245
2020-01-01,SK,0.01645819892473118,NA
2020-02-01,AT,0.07238081896551724,0.06820147270114943
2020-02-01,BE,0.025419827586206895,0.025962787356321838
2020-02-01,BG,0.01045258620689655,0.011444827586206895
2020-02-01,CZ,0.010976867816091952,0.01245890804597701
2020-02-01,DE,0.059547449712643676,0.06444622844827586
2020-02-01,DK,0.07461206896551724,0.08686235632183908
2020-02-01,EE,0.05003304597701149,0.02296451149425287
2020-02-01,ES,0.04574310344827586,0.04480445402298851
2020-02-01,FI,0.04280603448275862,0.03461077586206896
2020-02-01,FR,0.024776580459770114,0.028964942528735632
2020-02-01,GR,0.029501724137931035,0.021159482758620687
2020-02-01,HR,0.05397083333333333,0.03877729885057471
2020-02-01,HU,0.011886889367816091,0.008296946839080459
2020-02-01,IE,NA,NA
2020-02-01,IT,0.035238074712643674,0.02951551724137931
2020-02-01,LT,0.06846293103448275,0.027021551724137928
2020-02-01,LU,0.07773688936781609,0.022716630747126435
2020-02-01,LV,0.06844827586206896,0.06473433908045977
2020-02-01,NL,0.015860057471264368,0.013871120689655172
2020-02-01,NO,0.09767902298850575,0.09813491379310345
2020-02-01,PL,0.020206896551724137,0.018059770114942527
2020-02-01,PT,0.06345344827586206,0.06147456896551724
2020-02-01,RO,0.04022068965517241,0.038616810344827585
2020-02-01,SE,0.06351048850574713,0.07410502873563218
2020-02-01,SI,0.020845402298850572,0.019064367816091953
2020-02-01,SK,0.024885488505747125,0.025960775862068963
2020-03-01,AT,0.07021475134408602,0.06780416666666667
2020-03-01,BE,0.025021236559139785,0.02718978494623656
2020-03-01,BG,NA,0.016903763440860215
2020-03-01,CZ,0.013598924731182795,0.014871774193548386
2020-03-01,DE,0.05336935483870968,0.056725940860215054
2020-03-01,DK,0.07086680107526881,0.07033024193548387
2020-03-01,EE,0.04427459677419355,NA
2020-03-01,ES,0.052177956989247314,0.05312943548387097
2020-03-01,FI,0.0473263440860215,0.037821236559139784
2020-03-01,FR,0.026681317204301076,0.03083508064516129
2020-03-01,GR,NA,NA
2020-03-01,HR,0.0688486559139785,0.04916236559139785
2020-03-01,HU,0.01161532258064516,0.00864586693548387
2020-03-01,IE,0.05299126344086021,NA
2020-03-01,IT,0.03844206989247312,0.03251478494623656
2020-03-01,LT,0.06393870967741935,0.02120524193548387
2020-03-01,LU,0.07586938844086022,0.021676411290322578
2020-03-01,LV,0.07881895161290323,0.0839372311827957
2020-03-01,NL,0.014005913978494622,0.011877284946236558
2020-03-01,NO,0.09785981182795699,0.10639932795698925
2020-03-01,PL,0.015350940860215052,0.013339784946236558
2020-03-01,PT,0.06511922043010752,0.06397620967741935
2020-03-01,RO,0.044859677419354836,0.04531989247311828
2020-03-01,SE,0.06289395161290323,0.07608427419354839
2020-03-01,SI,0.02865793010752688,0.028235080645161288
2020-03-01,SK,0.024563844086021504,0.02544005376344086
2020-04-01,AT,0.0785340625,0.07510447916666667
2020-04-01,BE,0.02271486111111111,0.024689305555555555
2020-04-01,BG,0.023767638888888887,0.02577583333333333
2020-04-01,CZ,0.01684513888888889,0.01860861111111111
2020-04-01,DE,0.05593420138888889,0.05620722222222222
2020-04-01,DK,0.07325388888888888,0.06251208333333333
2020-04-01,EE,0.05651361111111111,0.02374625
2020-04-01,ES,0.05061555555555555,0.05232763888888889
2020-04-01,FI,0.04492972222222222,0.03548194444444444
2020-04-01,FR,0.02335472222222222,0.027732777777777776
2020-04-01,GR,0.03634305555555555,0.02716111111111111
2020-04-01,HR,0.08284347222222223,0.0429125
2020-04-01,HU,NA,NA
2020-04-01,IE,NA,NA
2020-04-01,IT,0.044920555555555554,0.04458388888888889
2020-04-01,LT,0.06808541666666666,0.02444
2020-04-01,LU,0.0795775,0.020770243055555554
2020-04-01,LV,NA,NA
2020-04-01,NL,0.012080138888888889,0.009191805555555555
2020-04-01,NO,0.09770194444444444,0.11202055555555555
2020-04-01,PL,0.015701388888888886,0.013702222222222222
2020-04-01,PT,0.07206152777777777,0.06597
2020-04-01,RO,0.048544166666666666,0.0479
2020-04-01,SE,0.06644083333333334,0.08123222222222222
2020-04-01,SI,0.030027222222222223,0.03384472222222222
2020-04-01,SK,NA,NA
2020-05-01,AT,NA,0.0956359879032258
2020-05-01,BE,0.023413575268817204,0.026443145161290323
2020-05-01,BG,0.025487231182795698,0.027114919354838708
2020-05-01,CZ,0.014331854838709676,0.01702983870967742
2020-05-01,DE,0.05559815188172043,0.0535192876344086
2020-05-01,DK,0.07430322580645161,0.06322002688172043
2020-05-01,EE,0.05029274193548387,0.022016935483870965
2020-05-01,ES,NA,NA
2020-05-01,FI,0.05061008064516129,0.03895618279569892
2020-05-01,FR,0.0285002688172043,0.034549462365591393
2020-05-01,GR,0.032686559139784944,0.023136962365591398
2020-05-01,HR,0.07072069892473118,0.04794206989247311
2020-05-01,HU,0.015319354838709677,0.011571807795698923
2020-05-01,IE,NA,NA
2020-05-01,IT,0.051453629032258065,0.04978064516129032
2020-05-01,LT,0.058896639784946234,0.020561021505376344
2020-05-01,LU,0.07855873655913978,0.0194133064516129
2020-05-01,LV,0.05952365591397849,0.045449596774193544
2020-05-01,NL,0.01022768817204301,0.00895295698924731
2020-05-01,NO,0.09807661290322581,0.11596075268817205
2020-05-01,PL,0.015518548387096773,0.01321290322580645
2020-05-01,PT,0.062159139784946235,0.05328118279569893
2020-05-01,RO,0.04839744623655914,0.045074596774193544
2020-05-01,SE,0.06671922043010753,0.07785483870967742
2020-05-01,SI,0.038711155913978494,0.04818266129032258
2020-05-01,SK,0.022379838709677417,0.022556720430107525
2020-06-01,AT,NA,0.10321555555555556
2020-06-01,BE,0.021983194444444444,0.02257708333333333
2020-06-01,BG,0.01894722222222222,0.02325986111111111
2020-06-01,CZ,0.014843888888888887,0.017995138888888887
2020-06-01,DE,0.04909229166666666,0.04845680555555555
2020-06-01,DK,0.0698675,0.04435083333333333
2020-06-01,EE,0.03903222222222222,0.02147013888888889
2020-06-01,ES,0.04623583333333333,0.04656930555555555
2020-06-01,FI,0.043734166666666664,0.03471375
2020-06-01,FR,0.027705,0.03080958333333333
2020-06-01,GR,0.03056958333333333,0.021214305555555556
2020-06-01,HR,0.057243333333333334,0.03976736111111111
2020-06-01,HU,0.014689479166666665,0.010610763888888888
2020-06-01,IE,0.03772534722222222,NA
2020-06-01,IT,0.04679069444444444,0.046453888888888885
2020-06-01,LT,0.039246805555555556,0.014618194444444444
2020-06-01,LU,0.07965649305555556,0.017822083333333332
2020-06-01,LV,NA,NA
2020-06-01,NL,0.009425555555555555,0.008712083333333332
2020-06-01,NO,0.09780180555555555,0.11681458333333333
2020-06-01,PL,0.01194375,0.009882916666666667
2020-06-01,PT,0.053247361111111106,0.047460555555555554
2020-06-01,RO,0.0524575,0.050749583333333334
2020-06-01,SE,0.06649472222222222,0.07389666666666667
2020-06-01,SI,0.03744986111111111,0.05238152777777778
2020-06-01,SK,NA,NA
2020-07-01,AT,0.08176989247311828,0.09241666666666666
2020-07-01,BE,0.020139247311827955,0.02266720430107527
2020-07-01,BG,0.016043817204301074,0.018911155913978493
2020-07-01,CZ,0.016351344086021503,0.01865
2020-07-01,DE,0.0488320564516129,0.04936397849462366
2020-07-01,DK,0.07464354838709678,0.06136209677419355
2020-07-01,EE,0.042317069892473115,0.02397768817204301
2020-07-01,ES,0.039824596774193546,0.04141075268817204
2020-07-01,FI,0.04543790322580645,0.03501290322580645
2020-07-01,FR,0.024518951612903225,0.025439247311827954
2020-07-01,GR,0.03046545698924731,0.022600940860215052
2020-07-01,HR,0.05348602150537634,0.03260981182795699
2020-07-01,HU,0.013016969086021504,0.010070799731182795
2020-07-01,IE,0.040355309139784946,NA
2020-07-01,IT,0.037575940860215054,0.033658736559139785
2020-07-01,LT,0.0424255376344086,0.018013978494623654
2020-07-01,LU,0.08138108198924732,0.017450134408602148
2020-07-01,LV,0.05917970430107527,0.026085618279569893
2020-07-01,NL,0.009032123655913977,0.00920524193548387
2020-07-01,NO,NA,NA
2020-07-01,PL,0.011625940860215053,0.009763172043010752
2020-07-01,PT,0.03920349462365591,0.03343239247311828
2020-07-01,RO,0.04971559139784946,0.04752083333333333
2020-07-01,SE,0.06153373655913978,0.07622594086021506
2020-07-01,SI,0.0332135752688172,0.045572177419354834
2020-07-01,SK,NA,NA
2020-08-01,AT,0.0814024193548387,0.0880221438172043
2020-08-01,BE,0.021083602150537634,0.02112782258064516
2020-08-01,BG,0.0138002688172043,0.016352016129032258
2020-08-01,CZ,0.013819220430107526,0.01742284946236559
2020-08-01,DE,0.04425436827956989,0.04589704301075269
2020-08-01,DK,0.06759193548387096,0.03686559139784946
2020-08-01,EE,0.023536021505376342,0.019889112903225804
2020-08-01,ES,0.039246774193548384,0.04064354838709677
2020-08-01,FI,0.04557432795698924,0.031733064516129034
2020-08-01,FR,0.021103629032258063,0.022388709677419353
2020-08-01,GR,0.027935349462365592,0.020204301075268816
2020-08-01,HR,0.053159139784946234,0.031107392473118278
2020-08-01,HU,0.013942775537634407,0.010151579301075268
2020-08-01,IE,NA,NA
2020-08-01,IT,0.037002016129032256,0.03519986559139785
2020-08-01,LT,0.02835040322580645,0.010556989247311827
2020-08-01,LU,0.08170635080645161,0.016465658602150535
2020-08-01,LV,0.02485725806451613,0.018066666666666665
2020-08-01,NL,0.008717876344086021,0.009082930107526881
2020-08-01,NO,0.09515672043010753,0.12217822580645162
2020-08-01,PL,0.010510752688172042,0.008843279569892473
2020-08-01,PT,0.042222043010752684,0.0410002688172043
2020-08-01,RO,0.04217056451612903,0.041257123655913976
2020-08-01,SE,0.07118736559139785,0.07772338709677419
2020-08-01,SI,0.03377069892473118,0.044887365591397846
2020-08-01,SK,NA,NA
2020-09-01,AT,0.07998534722222223,0.08229555555555555
2020-09-01,BE,0.019792916666666667,0.020484166666666664
2020-09-01,BG,0.013150833333333332,0.015139444444444443
2020-09-01,CZ,0.013392222222222222,0.016567083333333333
2020-09-01,DE,0.04122288194444444,0.04264996527777778
2020-09-01,DK,NA,NA
2020-09-01,EE,0.03321125,0.02318097222222222
2020-09-01,ES,0.03979027777777778,0.04216416666666666
2020-09-01,FI,0.04561916666666666,0.03421972222222222
2020-09-01,FR,0.020216666666666664,0.0201625
2020-09-01,GR,0.03621097222222222,0.03031986111111111
2020-09-01,HR,0.05462875,0.03718083333333333
2020-09-01,HU,NA,NA
2020-09-01,IE,NA,NA
2020-09-01,IT,0.034791944444444445,0.0321575
2020-09-01,LT,0.044401249999999996,0.01903847222222222
2020-09-01,LU,0.07915520833333334,0.014184027777777776
2020-09-01,LV,0.04275930555555556,0.02517861111111111
2020-09-01,NL,0.010803888888888887,0.010483472222222222
2020-09-01,NO,NA,NA
2020-09-01,PL,0.012176388888888888,0.01048486111111111
2020-09-01,PT,0.039325,0.040604999999999995
2020-09-01,RO,0.03867444444444444,0.037678055555555555
2020-09-01,SE,0.06574777777777778,0.07335402777777777
2020-09-01,SI,0.03426833333333333,0.04487722222222222
2020-09-01,SK,0.022227916666666667,0.02170722222222222
2020-10-01,AT,0.07833786962365591,0.08043313172043011
2020-10-01,BE,0.0251883064516129,0.025030107526881718
2020-10-01,BG,0.012846236559139784,0.013138844086021504
2020-10-01,CZ,0.01242768817204301,0.014776478494623654
2020-10-01,DE,0.04806908602150538,0.051599092741935484
2020-10-01,DK,0.07882150537634408,0.06387083333333334
2020-10-01,EE,0.03479112903225806,0.021109005376344084
2020-10-01,ES,0.049127284946236555,0.050541666666666665
2020-10-01,FI,0.044720833333333335,0.034454569892473114
2020-10-01,FR,0.023635080645161288,0.025776747311827955
2020-10-01,GR,0.029273118279569892,0.022300134408602148
2020-10-01,HR,0.06329825268817205,0.05772782258064516
2020-10-01,HU,NA,NA
2020-10-01,IE,NA,NA
2020-10-01,IT,0.04050779569892473,0.03408494623655914
2020-10-01,LT,0.05207916666666666,0.018276747311827955
2020-10-01,LU,0.07285561155913979,0.018081888440860214
2020-10-01,LV,NA,NA
2020-10-01,NL,0.019642607526881718,0.0171872311827957
2020-10-01,NO,0.09664408602150537,0.11875147849462366
2020-10-01,PL,0.014758870967741934,0.012776344086021504
2020-10-01,PT,0.054164919354838706,0.05751142473118279
2020-10-01,RO,0.04435994623655914,0.040499059139784944
2020-10-01,SE,0.06366733870967742,0.07221115591397849
2020-10-01,SI,0.03838333333333333,0.057799596774193544
2020-10-01,SK,NA,NA
2020-11-01,AT,0.06509034722222222,0.057210104166666664
2020-11-01,BE,0.020389722222222222,0.021845416666666666
2020-11-01,BG,0.010457638888888888,0.0113225
2020-11-01,CZ,0.011116527777777777,0.013735555555555555
2020-11-01,DE,0.04036090277777778,0.04288857638888889
2020-11-01,DK,0.07374430555555556,0.06265847222222222
2020-11-01,EE,0.03875597222222222,0.02092472222222222
2020-11-01,ES,0.043214999999999996,0.041672777777777774
2020-11-01,FI,0.04945069444444444,0.04120819444444444
2020-11-01,FR,0.018271944444444445,0.02083972222222222
2020-11-01,GR,0.03237444444444444,0.028778194444444443
2020-11-01,HR,0.05787,0.04564847222222222
2020-11-01,HU,NA,NA
2020-11-01,IE,NA,NA
2020-11-01,IT,0.030970555555555553,0.02584597222222222
2020-11-01,LT,0.05481486111111111,0.019511527777777777
2020-11-01,LU,0.07088284722222223,0.016209479166666665
2020-11-01,LV,0.03925375,0.030789305555555556
2020-11-01,NL,0.01639986111111111,0.01446486111111111
2020-11-01,NO,NA,0.10628680555555556
2020-11-01,PL,0.014061527777777777,0.012516944444444443
2020-11-01,PT,0.052569444444444446,0.061780277777777774
2020-11-01,RO,0.03691166666666666,0.034264166666666665
2020-11-01,SE,0.06895916666666667,0.08066555555555556
2020-11-01,SI,0.02649472222222222,0.03183902777777778
2020-11-01,SK,0.019815416666666665,0.01976625
2020-12-01,AT,0.05935819892473118,0.049231115591397846
2020-12-01,BE,0.020247177419354837,0.022420967741935482
2020-12-01,BG,0.010597177419354838,0.011285483870967741
2020-12-01,CZ,0.009990188172043009,0.01215295698924731
2020-12-01,DE,0.039719825268817205,0.04220594758064516
2020-12-01,DK,0.06619314516129032,0.05897271505376344
2020-12-01,EE,NA,NA
2020-12-01,ES,0.053351344086021504,0.057757123655913976
2020-12-01,FI,0.045511155913978495,0.03517486559139785
2020-12-01,FR,0.020177016129032256,0.021645833333333333
2020-12-01,GR,0.02711747311827957,0.0244258064516129
2020-12-01,HR,NA,NA
2020-12-01,HU,0.008302856182795698,0.005844657258064516
2020-12-01,IE,NA,NA
2020-12-01,IT,0.03330631720430107,0.029558467741935483
2020-12-01,LT,0.054214516129032254,0.021065860215053762
2020-12-01,LU,0.07048424059139785,0.01658891129032258
2020-12-01,LV,0.04408145161290322,0.03341478494623656
2020-12-01,NL,0.01729233870967742,0.014974059139784945
2020-12-01,NO,0.09562123655913979,0.11244704301075269
2020-12-01,PL,0.01641787634408602,0.014982392473118278
2020-12-01,PT,0.06899180107526881,0.06925967741935483
2020-12-01,RO,0.039409005376344085,0.0391252688172043
2020-12-01,SE,0.0636784946236559,0.07160954301075269
2020-12-01,SI,0.03410483870967742,0.04075551075268817
2020-12-01,SK,0.016474059139784947,0.016508736559139783
2021-01-01,AT,0.056755577956989246,0.044428125
2021-01-01,BE,0.017781317204301074,0.019221370967741933
2021-01-01,BG,0.017906586021505376,0.019286155913978493
2021-01-01,CZ,0.009511827956989247,0.011489247311827955
2021-01-01,DE,0.035840793010752686,0.03743014112903226
2021-01-01,DK,0.05750752688172043,0.05548521505376344
2021-01-01,EE,0.024581048387096772,0.01477298387096774
2021-01-01,ES,0.05527177419354839,0.0576997311827957
2021-01-01,FI,0.038898790322580645,0.029403763440860212
2021-01-01,FR,0.020421639784946235,0.021610483870967742
2021-01-01,GR,0.035233736559139785,0.029909139784946234
2021-01-01,HR,0.0693385752688172,0.0749850806451613
2021-01-01,HU,0.008043716397849461,0.005871202956989246
2021-01-01,IE,0.042556586021505374,0.03889852150537634
2021-01-01,IT,0.03627715053763441,0.03184623655913978
2021-01-01,LT,0.05271048387096774,0.014116532258064515
2021-01-01,LU,0.07165181451612904,0.016501881720430107
2021-01-01,LV,0.03741424731182796,0.034831048387096775
2021-01-01,NL,0.016352553763440858,0.014640860215053762
2021-01-01,NO,0.09397930107526882,0.10392284946236559
2021-01-01,PL,0.011584543010752688,0.010734543010752688
2021-01-01,PT,0.06509301075268817,0.06436881720430107
2021-01-01,RO,0.04571075268817204,0.046049193548387095
2021-01-01,SE,0.06138991935483871,0.06540134408602151
2021-01-01,SI,0.030772177419354837,0.03538293010752688
2021-01-01,SK,0.017929569892473116,0.01871021505376344
2021-02-01,AT,0.06485744047619048,0.056254761904761905
2021-02-01,BE,0.02081205357142857,0.02481577380952381
2021-02-01,BG,0.019195982142857143,0.021100892857142856
2021-02-01,CZ,0.012245386904761903,0.013873511904761904
2021-02-01,DE,0.04348418898809524,0.043903348214285716
2021-02-01,DK,0.06573824404761905,0.06988511904761904
2021-02-01,EE,0.023476488095238095,0.014991517857142856
2021-02-01,ES,0.062410267857142855,0.06641755952380952
2021-02-01,FI,0.04000357142857143,0.03025550595238095
2021-02-01,FR,0.024507142857142856,0.026764434523809524
2021-02-01,GR,0.04060744047619048,0.027247470238095237
2021-02-01,HR,0.0708610119047619,0.07180877976190476
2021-02-01,HU,0.010211979166666666,0.0072572544642857135
2021-02-01,IE,0.06316808035714286,0.057398511904761904
2021-02-01,IT,0.037641666666666664,0.030928124999999997
2021-02-01,LT,0.05514940476190476,0.01549613095238095
2021-02-01,LU,0.07519795386904762,0.01934955357142857
2021-02-01,LV,0.0368891369047619,0.03690104166666667
2021-02-01,NL,0.017795238095238093,0.01686488095238095
2021-02-01,NO,0.09484821428571429,0.09648988095238095
2021-02-01,PL,0.013794940476190475,0.012257886904761903
2021-02-01,PT,0.07635327380952381,0.09873005952380952
2021-02-01,RO,NA,NA
2021-02-01,SE,0.0616453869047619,0.0668095238095238
2021-02-01,SI,0.034090625,0.039733035714285714
2021-02-01,SK,0.022554166666666667,0.02420892857142857
2021-03-01,AT,0.06595900537634408,0.05132604166666666
2021-03-01,BE,0.019383870967741933,0.02442002688172043
2021-03-01,BG,NA,NA
2021-03-01,CZ,0.013214919354838709,0.014824596774193547
2021-03-01,DE,0.04525987903225806,0.04691885080645161
2021-03-01,DK,0.06608145161290323,0.06676814516129032
2021-03-01,EE,0.04934180107526882,0.021369623655913977
2021-03-01,ES,0.05621370967741935,0.05798897849462366
2021-03-01,FI,0.04422043010752688,0.03531155913978495
2021-03-01,FR,0.022256451612903225,0.02407029569892473
2021-03-01,GR,NA,NA
2021-03-01,HR,0.06841626344086021,0.057207392473118276
2021-03-01,HU,0.013432022849462365,0.010397513440860214
2021-03-01,IE,0.0471758064516129,NA
2021-03-01,IT,0.03790779569892473,0.03180913978494623
2021-03-01,LT,0.06035793010752688,0.019448655913978492
2021-03-01,LU,0.0776385752688172,0.019958534946236558
2021-03-01,LV,0.06341733870967742,NA
2021-03-01,NL,0.01630537634408602,0.014613172043010752
2021-03-01,NO,0.09514059139784946,0.09756263440860215
2021-03-01,PL,0.01533763440860215,0.01355793010752688
2021-03-01,PT,0.07325698924731183,0.07564758064516129
2021-03-01,RO,NA,NA
2021-03-01,SE,0.060668548387096774,0.07126518817204301
2021-03-01,SI,0.02671061827956989,0.027747043010752686
2021-03-01,SK,0.021125537634408602,0.02098239247311828
2021-04-01,AT,0.07385378472222222,0.06489979166666666
2021-04-01,BE,0.01998625,0.023803055555555553
2021-04-01,BG,0.02111111111111111,0.02582388888888889
2021-04-01,CZ,0.014697916666666665,0.015906805555555556
2021-04-01,DE,0.04751239583333333,0.04893972222222222
2021-04-01,DK,0.07191,0.07337444444444445
2021-04-01,EE,0.04755361111111111,0.025023749999999997
2021-04-01,ES,0.04847013888888889,0.04957597222222222
2021-04-01,FI,0.045898888888888885,0.036048194444444445
2021-04-01,FR,0.021223333333333334,0.022483194444444445
2021-04-01,GR,0.0305075,0.027241388888888888
2021-04-01,HR,NA,0.05645013888888889
2021-04-01,HU,0.014847118055555554,0.012114652777777776
2021-04-01,IE,0.035151944444444444,0.02777375
2021-04-01,IT,0.03779,0.03383666666666667
2021-04-01,LT,0.059825833333333335,0.020990555555555554
2021-04-01,LU,0.07761013888888889,0.020566388888888888
2021-04-01,LV,0.08547041666666666,0.09643777777777778
2021-04-01,NL,0.0157125,0.014182499999999999
2021-04-01,NO,0.09436847222222222,0.09969388888888889
2021-04-01,PL,0.017013888888888887,0.015610277777777777
2021-04-01,PT,0.05561875,0.052011805555555554
2021-04-01,RO,NA,NA
2021-04-01,SE,0.05952930555555556,0.07412263888888888
2021-04-01,SI,0.049172777777777774,0.03343111111111111
2021-04-01,SK,0.022675833333333333,0.02173861111111111
2021-05-01,AT,NA,0.10198709677419354
2021-05-01,BE,0.021786155913978495,0.024931317204301074
2021-05-01,BG,0.026274059139784946,0.031823387096774194
2021-05-01,CZ,0.018544220430107526,0.019014381720430105
2021-05-01,DE,0.05475829973118279,0.054254637096774194
2021-05-01,DK,0.07299032258064517,0.060689381720430105
2021-05-01,EE,0.03815174731182795,0.02022204301075269
2021-05-01,ES,0.05257661290322581,0.054034005376344084
2021-05-01,FI,0.053743951612903226,0.03940698924731183
2021-05-01,FR,0.027763575268817203,0.033034005376344086
2021-05-01,GR,0.03631774193548387,0.028490725806451612
2021-05-01,HR,NA,0.06630658602150538
2021-05-01,HU,0.017387567204301076,0.013077990591397849
2021-05-01,IE,NA,NA
2021-05-01,IT,0.05017903225806451,0.04338239247311828
2021-05-01,LT,0.061214784946236556,0.019674865591397847
2021-05-01,LU,0.0813869623655914,0.024054569892473118
2021-05-01,LV,NA,NA
2021-05-01,NL,0.016461424731182794,0.013172983870967742
2021-05-01,NO,0.09582876344086022,0.10818198924731183
2021-05-01,PL,0.01880040322580645,0.017123252688172042
2021-05-01,PT,0.06379798387096774,0.05301881720430107
2021-05-01,RO,0.05908293010752688,0.06280591397849462
2021-05-01,SE,0.06398615591397849,0.07423198924731182
2021-05-01,SI,0.0532255376344086,0.06526061827956989
2021-05-01,SK,0.03024758064516129,0.029436424731182794
2021-06-01,AT,NA,0.09759465277777778
2021-06-01,BE,0.016589027777777775,0.018454444444444443
2021-06-01,BG,0.023420138888888886,0.02724638888888889
2021-06-01,CZ,0.01651625,0.018284027777777778
2021-06-01,DE,0.04482027777777778,0.043563055555555556
2021-06-01,DK,0.06822180555555556,0.05234041666666667
2021-06-01,EE,0.02899194444444444,0.022645555555555554
2021-06-01,ES,0.04822180555555555,0.04665375
2021-06-01,FI,0.051672083333333334,0.036235138888888886
2021-06-01,FR,0.023132777777777776,0.028181249999999998
2021-06-01,GR,0.022974305555555553,0.01739458333333333
2021-06-01,HR,NA,0.04256652777777778
2021-06-01,HU,0.017170833333333333,0.014126631944444443
2021-06-01,IE,0.034662291666666664,NA
2021-06-01,IT,0.04393944444444444,0.038046527777777776
2021-06-01,LT,0.04277263888888889,0.012742777777777776
2021-06-01,LU,0.08189885416666667,0.017631493055555555
2021-06-01,LV,0.06068722222222222,0.038134027777777774
2021-06-01,NL,0.010679305555555555,0.008407638888888888
2021-06-01,NO,NA,0.12066986111111111
2021-06-01,PL,0.013725555555555555,0.012454166666666665
2021-06-01,PT,0.05259291666666666,0.048979444444444444
2021-06-01,RO,NA,NA
2021-06-01,SE,0.06413527777777778,0.07401277777777777
2021-06-01,SI,0.04816388888888889,0.05676597222222222
2021-06-01,SK,0.024766666666666666,NA
2021-07-01,AT,NA,0.09127281586021506
2021-07-01,BE,0.019436155913978494,0.023644758064516127
2021-07-01,BG,0.015958602150537633,0.019191263440860213
2021-07-01,CZ,0.01694543010752688,0.020019220430107527
2021-07-01,DE,0.04655362903225806,0.04423585349462365
2021-07-01,DK,0.06295819892473119,0.04903064516129032
2021-07-01,EE,0.028521505376344083,0.02428494623655914
2021-07-01,ES,0.04785658602150537,0.047139516129032256
2021-07-01,FI,0.04355362903225806,0.031055913978494623
2021-07-01,FR,0.02352836021505376,0.028926478494623653
2021-07-01,GR,0.027674731182795696,0.021575940860215054
2021-07-01,HR,0.05893655913978495,0.03454206989247312
2021-07-01,HU,0.016460719086021505,0.01264274193548387
2021-07-01,IE,NA,NA
2021-07-01,IT,0.040168279569892475,0.03403400537634409
2021-07-01,LT,0.055231854838709675,0.014188978494623654
2021-07-01,LU,0.08234170026881721,0.0188971438172043
2021-07-01,LV,0.03927056451612903,0.01737741935483871
2021-07-01,NL,0.01282016129032258,0.01098991935483871
2021-07-01,NO,0.09336061827956989,0.11523870967741935
2021-07-01,PL,0.012197043010752686,0.011204032258064515
2021-07-01,PT,0.05917956989247312,0.05130779569892473
2021-07-01,RO,NA,NA
2021-07-01,SE,0.06445887096774193,0.07965255376344087
2021-07-01,SI,0.039156854838709676,0.04156760752688172
2021-07-01,SK,0.02280483870967742,NA
2021-08-01,AT,NA,0.09284237231182796
2021-08-01,BE,0.020928763440860212,0.02435981182795699
2021-08-01,BG,0.012679704301075267,0.01575806451612903
2021-08-01,CZ,0.014771908602150536,0.017302016129032257
2021-08-01,DE,0.04889341397849462,0.0486065188172043
2021-08-01,DK,0.07374247311827957,0.0635252688172043
2021-08-01,EE,0.033312634408602146,0.02286021505376344
2021-08-01,ES,0.044575,0.04379220430107527
2021-08-01,FI,0.04457204301075269,0.03207231182795699
2021-08-01,FR,0.020929166666666665,0.02617271505376344
2021-08-01,GR,0.025529166666666665,0.021269489247311826
2021-08-01,HR,0.05971061827956989,0.03687997311827957
2021-08-01,HU,0.015477587365591397,0.012151276881720428
2021-08-01,IE,NA,NA
2021-08-01,IT,0.042988575268817206,0.03703131720430108
2021-08-01,LT,0.06364341397849463,0.01711263440860215
2021-08-01,LU,0.08228424059139786,0.019507829301075266
2021-08-01,LV,0.06539744623655915,0.01835564516129032
2021-08-01,NL,0.01903306451612903,0.01471733870967742
2021-08-01,NO,0.09165658602150538,0.10168494623655915
2021-08-01,PL,0.01418534946236559,0.013366532258064515
2021-08-01,PT,0.0545991935483871,0.03980725806451613
2021-08-01,RO,NA,NA
2021-08-01,SE,0.06694717741935484,0.07919368279569892
2021-08-01,SI,0.03039233870967742,0.0393508064516129
2021-08-01,SK,0.023619220430107526,NA
2021-09-01,AT,0.08444333333333333,0.06677590277777777
2021-09-01,BE,0.018561944444444443,0.018548333333333333
2021-09-01,BG,0.01090847222222222,0.01570875
2021-09-01,CZ,0.012726527777777776,0.016146388888888887
2021-09-01,DE,0.038327118055555554,0.03979708333333333
2021-09-01,DK,0.06663666666666666,0.05640652777777778
2021-09-01,EE,NA,NA
2021-09-01,ES,0.03759861111111111,0.037318333333333335
2021-09-01,FI,0.04722777777777778,0.03392194444444444
2021-09-01,FR,0.01668611111111111,0.019706388888888888
2021-09-01,GR,0.02996111111111111,0.02816944444444444
2021-09-01,HR,0.05451944444444444,0.03258888888888889
2021-09-01,HU,0.014250659722222222,0.01149159722222222
2021-09-01,IE,NA,NA
2021-09-01,IT,0.031237638888888888,0.02633722222222222
2021-09-01,LT,0.05137166666666666,0.018550972222222222
2021-09-01,LU,0.0796198611111111,0.01465892361111111
2021-09-01,LV,0.040667916666666665,0.01975
2021-09-01,NL,0.011968333333333333,0.00973361111111111
2021-09-01,NO,0.09303458333333334,0.10866666666666666
2021-09-01,PL,0.013241527777777777,0.01315111111111111
2021-09-01,PT,0.04796125,0.04041333333333333
2021-09-01,RO,NA,NA
2021-09-01,SE,0.062468055555555554,0.07371
2021-09-01,SI,0.021947222222222222,0.021849722222222222
2021-09-01,SK,0.02028972222222222,0.02048097222222222
2021-10-01,AT,0.06963948252688172,0.053607728494623655
2021-10-01,BE,0.023468951612903223,0.026483602150537633
2021-10-01,BG,0.012244489247311826,0.015152150537634407
2021-10-01,CZ,0.011101747311827956,0.015061155913978493
2021-10-01,DE,0.047454032258064514,0.04931065188172043
2021-10-01,DK,0.07785658602150537,0.0772875
2021-10-01,EE,0.03199193548387096,0.0263002688172043
2021-10-01,ES,0.04105322580645161,0.0426133064516129
2021-10-01,FI,0.0503383064516129,0.041901881720430106
2021-10-01,FR,0.017674327956989245,0.020174327956989247
2021-10-01,GR,0.03417432795698925,NA
2021-10-01,HR,NA,NA
2021-10-01,HU,0.013410248655913977,0.010464348118279568
2021-10-01,IE,NA,NA
2021-10-01,IT,0.03369274193548387,0.028046370967741933
2021-10-01,LT,0.07043897849462366,0.02431290322580645
2021-10-01,LU,0.07416683467741936,0.01646649865591398
2021-10-01,LV,NA,NA
2021-10-01,NL,0.02114731182795699,0.018067069892473118
2021-10-01,NO,NA,NA
2021-10-01,PL,0.01769516129032258,0.017086290322580643
2021-10-01,PT,0.05149475806451613,0.043168951612903225
2021-10-01,RO,0.035869220430107526,0.032964247311827954
2021-10-01,SE,0.06306129032258065,0.07909569892473119
2021-10-01,SI,0.02130766129032258,0.021794892473118277
2021-10-01,SK,NA,NA
2021-11-01,AT,0.053430763888888885,0.045677256944444446
2021-11-01,BE,0.016595694444444444,0.018250555555555555
2021-11-01,BG,0.00974986111111111,0.012927222222222222
2021-11-01,CZ,0.008826527777777777,0.011609999999999999
2021-11-01,DE,0.03574934027777778,0.03757704861111111
2021-11-01,DK,0.06978319444444445,0.07113694444444445
2021-11-01,EE,0.02440569444444444,0.019834444444444443
2021-11-01,ES,0.04404333333333333,0.04802722222222222
2021-11-01,FI,0.048106527777777776,0.037823333333333334
2021-11-01,FR,0.01559222222222222,0.015481944444444444
2021-11-01,GR,0.03152152777777777,0.027379583333333332
2021-11-01,HR,NA,NA
2021-11-01,HU,0.010102881944444444,0.0069371527777777765
2021-11-01,IE,NA,NA
2021-11-01,IT,0.026709444444444442,0.024860555555555556
2021-11-01,LT,0.07386277777777778,0.022381944444444444
2021-11-01,LU,0.06953475694444444,0.013595208333333332
2021-11-01,LV,NA,NA
2021-11-01,NL,0.014949305555555554,0.01383847222222222
2021-11-01,NO,NA,0.1131925
2021-11-01,PL,0.014764444444444443,0.014459722222222221
2021-11-01,PT,0.055018333333333336,0.05053805555555555
2021-11-01,RO,NA,NA
2021-11-01,SE,0.06043375,0.07391944444444444
2021-11-01,SI,0.023807083333333333,0.02550194444444444
2021-11-01,SK,0.013531666666666666,0.012868749999999998
2021-12-01,AT,NA,NA
2021-12-01,BE,NA,NA
2021-12-01,BG,NA,NA
2021-12-01,CZ,NA,NA
2021-12-01,DE,NA,NA
2021-12-01,DK,NA,NA
2021-12-01,EE,NA,NA
2021-12-01,ES,NA,NA
2021-12-01,FI,NA,NA
2021-12-01,FR,NA,NA
2021-12-01,GR,NA,NA
2021-12-01,HR,NA,NA
2021-12-01,HU,NA,NA
2021-12-01,IE,NA,NA
2021-12-01,IT,NA,NA
2021-12-01,LT,NA,NA
2021-12-01,LU,NA,NA
2021-12-01,LV,NA,NA
2021-12-01,NL,NA,NA
2021-12-01,NO,NA,NA
2021-12-01,PL,NA,NA
2021-12-01,PT,0.06626599462365591,0.0643005376344086
2021-12-01,RO,NA,NA
2021-12-01,SE,NA,NA
2021-12-01,SI,NA,NA
2021-12-01,SK,NA,NA
2022-01-01,AT,0.06309952956989247,0.05968508064516129
2022-01-01,BE,0.01603293010752688,0.018643682795698925
2022-01-01,BG,0.014089381720430106,0.018076478494623655
2022-01-01,CZ,0.010360887096774192,0.012261827956989246
2022-01-01,DE,0.046057392473118276,0.04867678091397849
2022-01-01,DK,0.07304569892473119,0.08806814516129033
2022-01-01,EE,0.024519489247311826,0.019268145161290322
2022-01-01,ES,NA,NA
2022-01-01,FI,0.045439381720430105,0.03506653225806451
2022-01-01,FR,0.01795752688172043,0.01804274193548387
2022-01-01,GR,0.03418615591397849,0.024389247311827955
2022-01-01,HR,0.06759180107526881,0.05962056451612903
2022-01-01,HU,0.010591935483870966,0.007789583333333332
2022-01-01,IE,0.040531451612903224,NA
2022-01-01,IT,0.030197177419354838,0.02705712365591398
2022-01-01,LT,0.0788388440860215,0.025691935483870967
2022-01-01,LU,0.07054489247311828,0.014792002688172042
2022-01-01,LV,0.05568145161290323,0.04040927419354839
2022-01-01,NL,0.01839146505376344,0.016765423387096773
2022-01-01,NO,NA,0.10515860215053763
2022-01-01,PL,0.02008548387096774,0.01945819892473118
2022-01-01,PT,0.058671370967741936,0.051259274193548386
2022-01-01,RO,NA,NA
2022-01-01,SE,0.06332903225806452,0.07516545698924731
2022-01-01,SI,0.020651881720430105,0.01967822580645161
2022-01-01,SK,0.019348521505376342,0.01952782258064516
2022-02-01,AT,0.06602801339285715,0.05694906994047619
2022-02-01,BE,0.02718095238095238,0.030276636904761903
2022-02-01,BG,0.011898363095238094,0.015488244047619046
2022-02-01,CZ,0.012077083333333332,0.013797916666666665
2022-02-01,DE,0.05887217261904762,0.06484348958333333
2022-02-01,DK,0.07918065476190476,0.09966964285714286
2022-02-01,EE,0.03673095238095238,0.023108928571428572
2022-02-01,ES,NA,NA
2022-02-01,FI,0.045225,0.0348641369047619
2022-02-01,FR,0.02211279761904762,0.023535863095238092
2022-02-01,GR,0.03475922619047619,0.02668690476190476
2022-02-01,HR,0.05679136904761905,0.04355357142857143
2022-02-01,HU,0.014272061011904761,0.010009337797619047
2022-02-01,IE,NA,NA
2022-02-01,IT,0.02968318452380952,0.02553095238095238
2022-02-01,LT,0.08381145833333334,NA
2022-02-01,LU,0.08170751488095238,0.022945052083333334
2022-02-01,LV,0.07997068452380952,0.05934196428571428
2022-02-01,NL,0.027211346726190473,0.024211495535714285
2022-02-01,NO,NA,0.10037663690476191
2022-02-01,PL,0.0244125,0.023505208333333333
2022-02-01,PT,0.05115714285714286,0.037665922619047616
2022-02-01,RO,0.03745297619047619,0.036713839285714284
2022-02-01,SE,0.06466339285714286,0.07622738095238095
2022-02-01,SI,0.016832440476190477,0.015720386904761904
2022-02-01,SK,0.022117410714285714,0.022129464285714284
2022-03-01,AT,0.05740265456989247,0.04755396505376344
2022-03-01,BE,0.02034543010752688,0.022044086021505375
2022-03-01,BG,NA,NA
2022-03-01,CZ,0.012475940860215053,0.015576075268817203
2022-03-01,DE,0.0408426747311828,0.043063844086021506
2022-03-01,DK,0.061218279569892474,0.0654888440860215
2022-03-01,EE,NA,0.025738978494623654
2022-03-01,ES,NA,NA
2022-03-01,FI,0.045669758064516126,0.037393279569892475
2022-03-01,FR,0.020973655913978494,0.020623655913978495
2022-03-01,GR,NA,NA
2022-03-01,HR,NA,0.04491075268817204
2022-03-01,HU,0.01467086693548387,0.012580611559139783
2022-03-01,IE,NA,NA
2022-03-01,IT,0.028392204301075266,0.024858870967741933
2022-03-01,LT,0.06800524193548386,0.02178494623655914
2022-03-01,LU,0.07992483198924731,0.018609005376344086
2022-03-01,LV,0.08528548387096774,0.05975766129032258
2022-03-01,NL,0.01341717069892473,0.01341945564516129
2022-03-01,NO,0.09714381720430107,0.11248077956989247
2022-03-01,PL,0.01565793010752688,0.015177150537634408
2022-03-01,PT,0.061491263440860214,0.056128629032258064
2022-03-01,RO,0.04324724462365591,0.04055171370967742
2022-03-01,SE,NA,NA
2022-03-01,SI,0.01569018817204301,0.015676747311827957
2022-03-01,SK,0.02129018817204301,0.01993252688172043
2022-04-01,AT,0.07453284722222223,0.06743284722222222
2022-04-01,BE,0.025294861111111108,0.028587638888888888
2022-04-01,BG,0.016209722222222223,0.02226763888888889
2022-04-01,CZ,0.014670555555555555,0.01639097222222222
2022-04-01,DE,0.05124611111111111,0.0543678125
2022-04-01,DK,0.07138277777777778,0.07398694444444444
2022-04-01,EE,NA,NA
2022-04-01,ES,0.05205111111111111,0.05932888888888889
2022-04-01,FI,0.04183875,0.03400986111111111
2022-04-01,FR,0.027015555555555553,0.0266725
2022-04-01,GR,0.050445416666666666,0.036040694444444445
2022-04-01,HR,NA,0.048585694444444445
2022-04-01,HU,0.016880243055555553,0.013800937499999999
2022-04-01,IE,NA,NA
2022-04-01,IT,0.03854777777777778,0.03364263888888889
2022-04-01,LT,0.08059194444444444,NA
2022-04-01,LU,0.08278482638888889,0.021721805555555553
2022-04-01,LV,0.09402111111111111,0.10753458333333334
2022-04-01,NL,0.01935159722222222,0.016918090277777777
2022-04-01,NO,NA,0.09850694444444444
2022-04-01,PL,0.021610416666666667,0.02095333333333333
2022-04-01,PT,0.06254888888888889,0.05465791666666667
2022-04-01,RO,NA,NA
2022-04-01,SE,0.059741388888888886,0.07137763888888889
2022-04-01,SI,0.027126805555555553,0.027867916666666666
2022-04-01,SK,0.02601736111111111,0.02355861111111111
2022-05-01,AT,0.08202006048387096,0.0879179435483871
2022-05-01,BE,0.02209260752688172,0.024464112903225806
2022-05-01,BG,0.019002553763440858,0.024479166666666666
2022-05-01,CZ,0.016531317204301073,0.0183752688172043
2022-05-01,DE,0.05194983198924731,0.05201606182795699
2022-05-01,DK,0.07173413978494624,0.0704755376344086
2022-05-01,EE,0.04660967741935484,0.04609623655913978
2022-05-01,ES,0.052120026881720426,0.057169086021505375
2022-05-01,FI,0.053602419354838705,0.043758870967741934
2022-05-01,FR,0.027829838709677417,0.028482661290322578
2022-05-01,GR,0.03906518817204301,0.030098924731182794
2022-05-01,HR,NA,0.03950201612903226
2022-05-01,HU,0.01758719758064516,0.015084442204301074
2022-05-01,IE,NA,NA
2022-05-01,IT,0.03947217741935484,0.03216639784946236
2022-05-01,LT,0.0796989247311828,0.025426075268817204
2022-05-01,LU,0.08717510080645162,0.021718145161290323
2022-05-01,LV,0.08652889784946237,0.06052836021505376
2022-05-01,NL,0.0162255376344086,0.013325302419354838
2022-05-01,NO,NA,0.10484327956989248
2022-05-01,PL,0.022039784946236558,0.02151008064516129
2022-05-01,PT,0.05318266129032258,0.04448669354838709
2022-05-01,RO,0.047390120967741936,0.048372748655913976
2022-05-01,SE,0.06407231182795699,0.08048629032258064
2022-05-01,SI,0.031495967741935485,0.03435349462365591
2022-05-01,SK,NA,NA
2022-06-01,AT,NA,0.09052034722222223
2022-06-01,BE,0.024287777777777776,0.025817916666666666
2022-06-01,BG,0.017514166666666664,0.025450277777777777
2022-06-01,CZ,0.014572638888888888,0.017784166666666667
2022-06-01,DE,0.04927350694444444,0.04992041666666667
2022-06-01,DK,0.07140430555555556,0.053490416666666665
2022-06-01,EE,NA,NA
2022-06-01,ES,0.04118097222222222,0.04563458333333333
2022-06-01,FI,0.049556805555555555,0.03880847222222222
2022-06-01,FR,0.025285694444444444,0.024746944444444443
2022-06-01,GR,0.03631416666666667,0.030515694444444443
2022-06-01,HR,NA,0.03705958333333333
2022-06-01,HU,0.01945458333333333,0.01642690972222222
2022-06-01,IE,NA,NA
2022-06-01,IT,0.03634111111111111,0.03099222222222222
2022-06-01,LT,0.07163222222222222,0.018871527777777775
2022-06-01,LU,0.08704,0.019846562499999998
2022-06-01,LV,0.08865083333333333,0.04461263888888889
2022-06-01,NL,0.012236354166666666,0.01195361111111111
2022-06-01,NO,NA,0.12418152777777777
2022-06-01,PL,0.019640416666666667,0.018674027777777776
2022-06-01,PT,0.045875,0.03757694444444444
2022-06-01,RO,0.0454421875,0.04432222222222222
2022-06-01,SE,0.06387208333333333,0.08027652777777777
2022-06-01,SI,0.028759999999999997,0.030211944444444444
2022-06-01,SK,0.02380763888888889,0.020765694444444444
2022-07-01,AT,NA,0.07568450940860215
2022-07-01,BE,0.023514247311827954,0.025873252688172043
2022-07-01,BG,0.014286290322580645,0.019949059139784946
2022-07-01,CZ,0.014739112903225805,0.01936263440860215
2022-07-01,DE,0.04960483870967742,0.05247691532258064
2022-07-01,DK,NA,0.08296599462365592
2022-07-01,EE,0.04795994623655914,0.04571962365591398
2022-07-01,ES,0.039382258064516125,0.04471182795698925
2022-07-01,FI,0.0470127688172043,0.03433534946236559
2022-07-01,FR,0.025611693548387094,0.02334543010752688
2022-07-01,GR,0.03333965053763441,0.033407526881720426
2022-07-01,HR,NA,0.03253561827956989
2022-07-01,HU,0.01820510752688172,0.0157372311827957
2022-07-01,IE,NA,NA
2022-07-01,IT,0.03276048387096774,0.027538978494623653
2022-07-01,LT,0.0716643817204301,0.02354731182795699
2022-07-01,LU,NA,0.02064388440860215
2022-07-01,LV,0.08513198924731183,0.03106075268817204
2022-07-01,NL,0.01203279569892473,0.011369321236559139
2022-07-01,NO,NA,0.11906733870967742
2022-07-01,PL,0.02182258064516129,0.020489381720430105
2022-07-01,PT,0.04503924731182796,0.03456962365591398
2022-07-01,RO,NA,NA
2022-07-01,SE,0.06404381720430108,0.0906768817204301
2022-07-01,SI,0.02279543010752688,0.022834005376344085
2022-07-01,SK,NA,NA
2022-08-01,AT,NA,0.0682767809139785
2022-08-01,BE,0.019974596774193547,0.023872311827956988
2022-08-01,BG,0.01401263440860215,0.01954045698924731
2022-08-01,CZ,0.014040860215053762,0.01796317204301075
2022-08-01,DE,0.04316777553763441,0.044747211021505376
2022-08-01,DK,0.07069422043010752,0.04908427419354838
2022-08-01,EE,0.04834852150537634,0.04135631720430107
2022-08-01,ES,NA,NA
2022-08-01,FI,0.052654838709677416,0.04207513440860215
2022-08-01,FR,0.02401720430107527,0.021911155913978495
2022-08-01,GR,NA,0.02685483870967742
2022-08-01,HR,NA,0.0316125
2022-08-01,HU,0.01953820564516129,0.014973353494623655
2022-08-01,IE,NA,NA
2022-08-01,IT,0.03334099462365591,0.029992204301075267
2022-08-01,LT,0.060365456989247314,0.01961760752688172
2022-08-01,LU,0.08775389784946236,0.020089717741935482
2022-08-01,LV,0.05584354838709677,0.01920994623655914
2022-08-01,NL,0.01088138440860215,0.01066135752688172
2022-08-01,NO,NA,0.11802163978494623
2022-08-01,PL,0.01617002688172043,0.015124865591397849
2022-08-01,PT,0.04495604838709677,0.03613077956989247
2022-08-01,RO,NA,NA
2022-08-01,SE,0.06244112903225806,0.0844380376344086
2022-08-01,SI,0.02029247311827957,0.02163548387096774
2022-08-01,SK,0.016408736559139783,0.015890725806451612
2022-09-01,AT,0.07385680555555556,0.06670791666666667
2022-09-01,BE,0.019344166666666666,0.023122777777777777
2022-09-01,BG,0.011861805555555554,0.016427777777777777
2022-09-01,CZ,0.012582499999999998,0.016383333333333333
2022-09-01,DE,0.04526159722222222,0.048086805555555556
2022-09-01,DK,0.07460569444444444,0.07495958333333333
2022-09-01,EE,0.04388444444444444,0.05093847222222222
2022-09-01,ES,NA,NA
2022-09-01,FI,0.041971944444444444,0.03649111111111111
2022-09-01,FR,0.022661944444444443,0.02075888888888889
2022-09-01,GR,0.03769569444444444,0.03076111111111111
2022-09-01,HR,0.05565861111111111,0.037060555555555555
2022-09-01,HU,0.015155277777777776,0.0116209375
2022-09-01,IE,NA,NA
2022-09-01,IT,0.03185097222222222,0.027313055555555556
2022-09-01,LT,0.07546347222222222,0.020464166666666665
2022-09-01,LU,NA,0.017665069444444445
2022-09-01,LV,0.05618,0.015754444444444442
2022-09-01,NL,0.015060625,0.013739826388888888
2022-09-01,NO,0.09759944444444445,0.0910201388888889
2022-09-01,PL,0.017235277777777776,0.016243888888888888
2022-09-01,PT,0.051456527777777775,0.044601805555555554
2022-09-01,RO,NA,NA
2022-09-01,SE,0.0665725,0.08218597222222222
2022-09-01,SI,0.029234999999999997,NA
2022-09-01,SK,NA,NA
2022-10-01,AT,0.07346038306451613,0.06597029569892474
2022-10-01,BE,0.022583870967741934,0.026738844086021504
2022-10-01,BG,0.013911021505376342,0.01597782258064516
2022-10-01,CZ,0.012127016129032256,0.014344892473118279
2022-10-01,DE,0.049948454301075265,0.05184418682795699
2022-10-01,DK,0.07679704301075269,0.07644395161290322
2022-10-01,EE,0.031040725806451612,0.027537231182795698
2022-10-01,ES,NA,NA
2022-10-01,FI,0.04737163978494623,0.0419383064516129
2022-10-01,FR,0.023191263440860213,0.023788978494623653
2022-10-01,GR,0.05222069892473118,0.04502123655913978
2022-10-01,HR,0.045758736559139784,0.03324798387096774
2022-10-01,HU,0.013506989247311826,0.011958770161290322
2022-10-01,IE,NA,NA
2022-10-01,IT,NA,NA
2022-10-01,LT,0.07641653225806451,0.025076209677419352
2022-10-01,LU,0.08650487231182796,0.018847446236559137
2022-10-01,LV,0.08473897849462365,0.0283630376344086
2022-10-01,NL,0.019072748655913976,0.017449596774193547
2022-10-01,NO,NA,NA
2022-10-01,PL,0.020628494623655912,0.019523924731182793
2022-10-01,PT,0.04880188172043011,0.04358360215053763
2022-10-01,RO,NA,NA
2022-10-01,SE,0.0649891129032258,0.08526182795698925
2022-10-01,SI,NA,NA
2022-10-01,SK,NA,NA
2022-11-01,AT,0.06351805555555555,0.049963125
2022-11-01,BE,0.025516388888888887,0.029845555555555556
2022-11-01,BG,0.010045416666666666,0.013210972222222221
2022-11-01,CZ,0.009505277777777777,0.011588194444444444
2022-11-01,DE,0.046275555555555556,0.04966840277777778
2022-11-01,DK,0.07793152777777777,0.08942777777777777
2022-11-01,EE,0.01924958333333333,NA
2022-11-01,ES,0.04937222222222222,0.05615166666666667
2022-11-01,FI,0.0414575,0.032223749999999995
2022-11-01,FR,0.02509513888888889,0.025029305555555555
2022-11-01,GR,0.04241430555555555,0.03569194444444444
2022-11-01,HR,0.05869194444444444,0.05176597222222222
2022-11-01,HU,0.011030138888888888,0.007275972222222221
2022-11-01,IE,NA,NA
2022-11-01,IT,0.03236,0.026574027777777776
2022-11-01,LT,0.05999347222222222,0.017374999999999998
2022-11-01,LU,0.08076388888888889,0.017345243055555553
2022-11-01,LV,0.045746944444444444,0.031024305555555555
2022-11-01,NL,0.023430277777777776,0.020232291666666666
2022-11-01,NO,NA,0.12198888888888888
2022-11-01,PL,0.01356597222222222,0.012807638888888888
2022-11-01,PT,0.05445097222222222,0.054585555555555554
2022-11-01,RO,0.034906458333333334,0.03615444444444444
2022-11-01,SE,0.06424694444444444,0.07713236111111112
2022-11-01,SI,0.040563888888888885,0.024000138888888887
2022-11-01,SK,NA,NA
2022-12-01,AT,NA,NA
2022-12-01,BE,NA,NA
2022-12-01,BG,NA,NA
2022-12-01,CZ,NA,NA
2022-12-01,DE,NA,NA
2022-12-01,DK,NA,NA
2022-12-01,EE,NA,NA
2022-12-01,ES,NA,NA
2022-12-01,FI,NA,NA
2022-12-01,FR,NA,NA
2022-12-01,GR,NA,NA
2022-12-01,HR,NA,NA
2022-12-01,HU,NA,NA
2022-12-01,IT,NA,NA
2022-12-01,LT,NA,NA
2022-12-01,LU,NA,NA
2022-12-01,LV,NA,NA
2022-12-01,NL,NA,NA
2022-12-01,NO,NA,NA
2022-12-01,PL,NA,NA
2022-12-01,PT,0.06954543010752688,0.08476653225806452
2022-12-01,RO,NA,NA
2022-12-01,SE,NA,NA
2022-12-01,SI,NA,NA
2022-12-01,SK,NA,NA
2023-01-01,AT,0.06746622983870967,0.05336142473118279
2023-01-01,BE,0.0249135752688172,0.029795698924731183
2023-01-01,BG,0.01076505376344086,0.012772849462365591
2023-01-01,CZ,0.010564247311827956,0.01297016129032258
2023-01-01,DE,0.05090675403225806,0.055356989247311826
2023-01-01,DK,0.07428091397849462,0.08906639784946237
2023-01-01,EE,0.028964516129032256,0.017925940860215053
2023-01-01,ES,0.05735077284946236,0.06348948252688172
2023-01-01,FI,0.0518508064516129,0.047199596774193546
2023-01-01,FR,0.025175,0.02682741935483871
2023-01-01,GR,0.04114811827956989,0.027608870967741936
2023-01-01,HR,0.06663279569892473,0.06580739247311827
2023-01-01,HU,0.009832594086021504,0.00688565188172043
2023-01-01,IE,NA,NA
2023-01-01,IT,0.03090752688172043,0.025189247311827957
2023-01-01,LT,0.0746133064516129,0.029732258064516126
2023-01-01,LU,0.08339432123655914,0.020865860215053763
2023-01-01,LV,0.07960013440860216,0.11597231182795699
2023-01-01,NL,0.02647328629032258,0.022952049731182794
2023-01-01,NO,0.09695416666666666,0.09917809139784946
2023-01-01,PL,0.02174516129032258,0.020971102150537633
2023-01-01,PT,0.07660564516129033,0.08595443548387097
2023-01-01,RO,NA,NA
2023-01-01,SE,0.06555873655913978,0.0771763440860215
2023-01-01,SI,0.02814811827956989,0.02695564516129032
2023-01-01,SK,NA,NA
2023-02-01,AT,0.06708809523809524,0.05981584821428571
2023-02-01,BE,0.022575892857142857,0.024488095238095236
2023-02-01,BG,0.013495089285714284,0.015862946428571428
2023-02-01,CZ,0.011465624999999998,0.013453422619047618
2023-02-01,DE,0.04544464285714286,0.050402157738095234
2023-02-01,DK,0.07337559523809524,0.0864936011904762
2023-02-01,EE,0.030354761904761905,0.018112648809523808
2023-02-01,ES,NA,NA
2023-02-01,FI,0.05147142857142857,0.0446391369047619
2023-02-01,FR,0.017765625,0.018444940476190476
2023-02-01,GR,0.041851934523809524,0.03287127976190476
2023-02-01,HR,0.06168303571428571,0.05545089285714286
2023-02-01,HU,0.013766220238095237,0.010628980654761904
2023-02-01,IE,NA,NA
2023-02-01,IT,0.030388690476190475,0.02447485119047619
2023-02-01,LT,0.0772702380952381,0.030022767857142856
2023-02-01,LU,NA,0.019063392857142855
2023-02-01,LV,0.0651952380952381,0.07420967261904762
2023-02-01,NL,0.01793191964285714,0.017316927083333333
2023-02-01,NO,0.0974186011904762,0.1111623511904762
2023-02-01,PL,0.023247916666666667,0.022078273809523808
2023-02-01,PT,0.062231696428571424,0.06351473214285715
2023-02-01,RO,NA,NA
2023-02-01,SE,0.06726785714285714,0.0826970238095238
2023-02-01,SI,0.022623511904761903,0.02149627976190476
2023-02-01,SK,NA,0.024638988095238092
2023-03-01,AT,0.07257549563838224,0.06470241871530531
2023-03-01,BE,0.02855,0.028419206349206347
2023-03-01,BG,0.012247596153846152,0.013877884615384615
2023-03-01,CZ,0.014525198098256734,0.01648431061806656
2023-03-01,DE,0.05287246434231379,NA
2023-03-01,DK,0.07306794871794872,NA
2023-03-01,EE,0.036407777777777775,0.02178968253968254
2023-03-01,ES,0.052892158415841585,NA
2023-03-01,FI,0.04551253968253968,0.0408831746031746
2023-03-01,FR,0.026712857142857142,0.028565238095238095
2023-03-01,GR,0.04336514382402707,0.034629610829103215
2023-03-01,HR,0.06219142857142857,0.06558142857142857
2023-03-01,HU,0.01696374801901743,0.014379477020602218
2023-03-01,IE,NA,NA
2023-03-01,IT,0.03560095238095238,0.030091746031746032
2023-03-01,LT,0.08105150554675118,0.038494928684627575
2023-03-01,LU,NA,NA
2023-03-01,LV,NA,0.0957052380952381
2023-03-01,NL,NA,NA
2023-03-01,NO,NA,0.10307451923076923
2023-03-01,PL,0.025657532051282052,0.02430176282051282
2023-03-01,PT,0.0725296354992076,0.055441521394611726
2023-03-01,RO,NA,NA
2023-03-01,SE,NA,NA
2023-03-01,SI,NA,NA
2023-03-01,SK,NA,0.025324881141045957
